group_id;timestamp;paddockNames;lat;long;model_ref;Nmin [kg/ha];NO3-N [kg/ha];N total [%];P [mg/100g];K (beta) [mg/100g];Moisture [%];pH ;SOC [%];SOM [%];C/N Ratio ;Mg [mg/100g];Soil Temperature [øC];Air Temperature [øC];Humidity [%];Air Pressure [hPa];Volatile organic compounds [ohm];Soil texture class 
297-PGF-20221109-1;2022-11-09T10:07:42.000Z;Kassow_107;53.8677969;12.075;a51003b9-c769-417c-ab66-db562e2fb587;83;71;0,08;9,4;10,1;11,07;6,54;1,11;1,91;13,49;8,1;12,76;16,59;61,91;1005;114879;2
297-PGF-20221109-2;2022-11-09T10:12:44.000Z;Kassow_107;53.8674176;12.0755219;a51003b9-c769-417c-ab66-db562e2fb587;55;41;0,07;7,9;9,7;11,66;6,39;0,9;1,56;13,13;7,4;10,9;16,54;62,7;1005;117936;2
297-PGF-20221109-3;2022-11-09T10:17:18.000Z;Kassow_107;53.8671009;12.0760915;a51003b9-c769-417c-ab66-db562e2fb587;53;50;0,07;6,2;11;12,15;6,46;0,98;1,68;14,44;7;11,11;16,52;63;1005;120838;2
297-PGF-20221109-4;2022-11-09T10:22:03.000Z;Kassow_107;53.8668308;12.0766877;a51003b9-c769-417c-ab66-db562e2fb587;63;53;0,09;9,7;12,5;11,22;6,58;1,12;1,93;12,72;7,8;11,29;16,61;61,82;1005;124499;2
297-PGF-20221109-6;2022-11-09T10:31:08.000Z;Kassow_107;53.8670788;12.0773331;a51003b9-c769-417c-ab66-db562e2fb587;67;41;0,07;6,8;11,2;9,52;6,53;0,82;1,41;11,85;6,7;11,65;16,66;62,5;1005;126342;2
297-PGF-20221109-5;2022-11-09T10:25:50.000Z;Kassow_107;53.8664572;12.0771724;a51003b9-c769-417c-ab66-db562e2fb587;58;58;0,08;8,1;9;11,13;6,27;0,9;1,54;10,63;7,2;11,46;16,7;62,31;1005;124396;2
297-PGF-20221109-11;2022-11-09T10:55:55.000Z;Kassow_107;53.867704;12.0772018;a51003b9-c769-417c-ab66-db562e2fb587;56;55;0,08;7,2;9;10,72;6,44;0,8;1,38;10,49;5,2;11,35;16,46;62,22;1005;130234;2
297-PGF-20221109-12;2022-11-09T11:00:20.000Z;Kassow_107;53.8674641;12.0778031;a51003b9-c769-417c-ab66-db562e2fb587;72;64;0,07;8,6;11,2;11,15;6,49;1,09;1,88;14,96;6;11,33;15,97;62,97;1005;131290;2
297-PGF-20221109-7;2022-11-09T10:35:52.000Z;Kassow_107;53.8673453;12.076994;a51003b9-c769-417c-ab66-db562e2fb587;57;45;0,08;7,5;11,1;12,11;6,42;1,02;1,75;13,24;6,6;11,43;16,73;61,72;1005;127466;2
297-PGF-20221109-8;2022-11-09T10:41:42.000Z;Kassow_107;53.8675805;12.0764067;a51003b9-c769-417c-ab66-db562e2fb587;65;50;0,08;7,3;9,5;10,66;6,34;0,86;1,49;10,65;5,8;11,35;17;62,09;1005;123969;2
297-PGF-20221109-10;2022-11-09T10:51:02.000Z;Kassow_107;53.8680279;12.0764679;a51003b9-c769-417c-ab66-db562e2fb587;57;41;0,09;7,4;9;12,13;6,38;1,07;1,85;12,48;5,3;11,57;16,91;60,82;1005;127023;2
297-PGF-20221109-9;2022-11-09T10:45:49.000Z;Kassow_107;53.8679013;12.0759004;a51003b9-c769-417c-ab66-db562e2fb587;57;46;0,07;7,7;9,2;12,08;6,46;0,85;1,47;12,12;5,9;11,64;17,62;60,01;1005;121730;2
297-PGF-20221109-18;2022-11-09T11:28:57.000Z;Kassow_107;53.8676983;12.0793411;a51003b9-c769-417c-ab66-db562e2fb587;56;28;0,08;7,9;10,1;12,12;6,36;1,11;1,91;13,13;6,1;11,38;16,53;65,69;1005;124611;2
297-PGF-20221109-19;2022-11-09T11:32:57.000Z;Kassow_107;53.8674157;12.0798868;a51003b9-c769-417c-ab66-db562e2fb587;78;50;0,12;7,8;9,8;13,53;6,21;1,28;2,21;10,54;7,3;11,28;16,41;64,44;1005;127456;2
297-PGF-20221109-20;2022-11-09T11:36:21.000Z;Kassow_107;53.867162;12.0804776;a51003b9-c769-417c-ab66-db562e2fb587;61;61;0,09;8,1;9,1;10,26;6,31;0,92;1,58;10,43;5,7;11,36;16,23;65,02;1005;129448;2
297-PGF-20221109-16;2022-11-09T11:17:28.000Z;Kassow_107;53.8675713;12.0749836;a51003b9-c769-417c-ab66-db562e2fb587;70;54;0,07;6,6;11,2;11,14;6,55;1,03;1,78;14,38;8;11,74;16,81;62,23;1005;126553;2
297-PGF-20221109-22;2022-11-09T11:42:57.000Z;Kassow_107;53.8672521;12.0816873;a51003b9-c769-417c-ab66-db562e2fb587;68;54;0,07;7,8;13;11,74;6,55;0,91;1,57;13,14;6,9;11,53;16,06;66,07;1005;127381;2
297-PGF-20221109-17;2022-11-09T11:25:27.000Z;Kassow_107;53.8679705;12.0788012;a51003b9-c769-417c-ab66-db562e2fb587;60;54;0,07;6,3;9,2;10,09;6,25;0,78;1,34;10,6;5,6;12,11;16,53;64,46;1005;127329;2
297-PGF-20221109-13;2022-11-09T11:04:46.000Z;Kassow_107;53.8668597;12.0779195;a51003b9-c769-417c-ab66-db562e2fb587;66;66;0,07;7,7;12,2;10,87;6,5;1,03;1,77;14,09;8;11,56;16,01;64,14;1005;127350;2
297-PGF-20221109-14;2022-11-09T11:09:05.000Z;Kassow_107;53.8665234;12.0766601;a51003b9-c769-417c-ab66-db562e2fb587;53;50;0,06;8,3;10,1;10,26;6,52;0,9;1,55;14,76;6,5;11,58;16,29;63,12;1005;130636;2
297-PGF-20221109-15;2022-11-09T11:12:40.000Z;Kassow_107;53.8668531;12.0761357;a51003b9-c769-417c-ab66-db562e2fb587;110;92;0,08;8;14,4;15,19;6,98;1,09;1,88;13,01;12,1;11,53;16,82;61,61;1005;129443;4
297-PGF-20221109-21;2022-11-09T11:39:21.000Z;Kassow_107;53.8669194;12.081107;a51003b9-c769-417c-ab66-db562e2fb587;50;42;0,06;7,2;9,6;10,76;6,38;0,9;1,54;14,05;6,6;11,4;16,1;65,23;1005;128869;2
297-PGF-20221109-24;2022-11-09T11:51:21.000Z;Kassow_107;53.8679368;12.0804176;a51003b9-c769-417c-ab66-db562e2fb587;45;40;0,05;7;8,8;10,81;6,38;0,83;1,43;17,24;4,9;11,58;15,91;66,21;1005;131209;2
297-PGF-20221109-23;2022-11-09T11:47:09.000Z;Kassow_107;53.867613;12.0810709;a51003b9-c769-417c-ab66-db562e2fb587;63;63;0,08;6,2;11,1;11,39;6,38;0,92;1,59;12,1;7;11,75;16,06;65,63;1005;131072;2
297-PGF-20221109-26;2022-11-09T11:59:54.000Z;Kassow_107;53.8685562;12.0792691;a51003b9-c769-417c-ab66-db562e2fb587;64;41;0,05;7,8;10,7;10,82;6,38;0,78;1,35;14,87;5,9;11,79;16,73;64,99;1005;129081;2
297-PGF-20221109-25;2022-11-09T11:55:20.000Z;Kassow_107;53.8682541;12.0797919;a51003b9-c769-417c-ab66-db562e2fb587;55;54;0,07;8;9,1;10,3;6,47;0,81;1,39;11,17;6,8;11,78;16,23;66,22;1005;131028;2
297-PGF-20221109-27;2022-11-09T12:03:18.000Z;Kassow_107;53.8689231;12.0800817;a51003b9-c769-417c-ab66-db562e2fb587;67;67;0,11;8,2;9,9;10,89;6,18;1,08;1,86;9,67;8,8;11,89;17,1;64,57;1005;125577;2
297-PGF-20221109-28;2022-11-09T12:06:32.000Z;Kassow_107;53.8686817;12.0805035;a51003b9-c769-417c-ab66-db562e2fb587;53;31;0,08;6,6;8,9;11,11;6,36;1,06;1,83;12,55;6;11,71;17,3;64,63;1005;126895;2
297-PGF-20221109-30;2022-11-09T12:14:39.000Z;Kassow_107;53.8681092;12.081566;a51003b9-c769-417c-ab66-db562e2fb587;47;47;0,07;7;8,5;9,83;6,29;0,86;1,48;12,16;5,6;11,54;16,72;63,49;1005;133449;2
297-PGF-20221109-29;2022-11-09T12:10:27.000Z;Kassow_107;53.8683692;12.0810284;a51003b9-c769-417c-ab66-db562e2fb587;54;54;0,07;8;11,2;11,45;6,48;0,88;1,51;12,51;6,7;11,94;17,27;62,94;1005;129210;2
297-PGF-20221109-31;2022-11-09T12:18:37.000Z;Kassow_107;53.8678482;12.0822831;a51003b9-c769-417c-ab66-db562e2fb587;55;37;0,05;5,7;8,4;10,89;6,4;0,89;1,53;16,32;4,3;11,58;16,43;65,1;1005;130360;2
297-PGF-20221109-32;2022-11-09T12:22:23.000Z;Kassow_107;53.868176;12.0828187;a51003b9-c769-417c-ab66-db562e2fb587;48;48;0,06;8,4;8,8;10,24;6,34;0,94;1,63;14,94;4,9;11,68;16,29;64,73;1005;132940;2
297-PGF-20221109-33;2022-11-09T12:26:51.000Z;Kassow_107;53.8685282;12.0819955;a51003b9-c769-417c-ab66-db562e2fb587;55;55;0,09;9;9,1;9,94;6,41;0,93;1,6;9,93;5,4;11,93;16,18;64,48;1005;135534;2
297-PGF-20221109-34;2022-11-09T12:31:02.000Z;Kassow_107;53.868898;12.0813031;a51003b9-c769-417c-ab66-db562e2fb587;68;55;0,08;7,6;11,1;12,63;6,43;0,92;1,58;11,15;7,1;11,65;16,17;65,96;1005;131972;2
297-PGF-20221109-35;2022-11-09T12:36:43.000Z;Kassow_107;53.869211;12.0805694;a51003b9-c769-417c-ab66-db562e2fb587;59;54;0,07;6,7;9,6;11,64;6,32;0,86;1,48;12,84;6,6;11,35;16,1;64,43;1005;138893;2
297-PGF-20221209-1;2022-12-09T11:14:12.000Z;Kassow_107;53.8676351;12.0746653;a51003b9-c769-417c-ab66-db562e2fb587;45;32;0,08;12,1;12,9;15,9;6,64;1,33;2,3;16,62;7;1,68;5,02;59,16;1005;274807;2
297-PGF-20221209-2;2022-12-09T11:22:57.000Z;Kassow_107;53.8674938;12.0749245;a51003b9-c769-417c-ab66-db562e2fb587;73;73;0,1;6,2;15,3;16,94;6,66;1,24;2,13;12,82;7,5;1,36;2,72;65,67;1005;288419;2
297-PGF-20221209-3;2022-12-09T11:28:57.000Z;Kassow_107;53.8672257;12.0753342;a51003b9-c769-417c-ab66-db562e2fb587;71;71;0,09;8,5;13;15,2;6,4;1,07;1,84;11,78;6,3;0,89;2,16;68,47;1005;289213;2
297-PGF-20221209-5;2022-12-09T11:34:37.000Z;Kassow_107;53.866942;12.0759553;a51003b9-c769-417c-ab66-db562e2fb587;46;46;0,1;5,6;17;18,95;6,93;1,1;1,9;11,02;9,1;0,39;1,72;71,23;1005;290900;4
297-PGF-20221209-6;2022-12-09T11:36:23.000Z;Kassow_107;53.8667223;12.0763356;a51003b9-c769-417c-ab66-db562e2fb587;48;48;0,1;4,6;17;19,27;6,99;1,25;2,15;12,87;10,6;0,83;1,6;71,6;1005;293712;4
297-PGF-20221209-4;2022-12-09T11:31:21.000Z;Kassow_107;53.867075;12.0756537;a51003b9-c769-417c-ab66-db562e2fb587;78;78;0,07;6,7;11;14,59;6,48;0,95;1,64;13,39;5,6;0,6;1,78;70,33;1005;286774;2
297-PGF-20221209-8;2022-12-09T11:43:34.000Z;Kassow_107;53.8665035;12.0773243;a51003b9-c769-417c-ab66-db562e2fb587;89;89;0,1;6,2;13,7;16,89;6,52;1,16;2;11,57;7,4;1,21;1,19;73,4;1005;292851;2
297-PGF-20221209-7;2022-12-09T11:39:13.000Z;Kassow_107;53.8665;12.0768613;a51003b9-c769-417c-ab66-db562e2fb587;78;78;0,09;7,1;15,2;16,76;6,72;1,05;1,81;11,6;6,7;0,94;1,32;72,32;1005;295284;2
297-PGF-20221209-9;2022-12-09T11:47:44.000Z;Kassow_107;53.8666967;12.0771729;a51003b9-c769-417c-ab66-db562e2fb587;93;93;0,1;4,8;14,4;17,05;6,11;1,22;2,1;12,44;8,5;0,96;1,13;74,3;1005;290052;2
297-PGF-20221209-10;2022-12-09T11:50:53.000Z;Kassow_107;53.8668568;12.0768297;a51003b9-c769-417c-ab66-db562e2fb587;75;75;0,11;5,8;14,8;17,73;6,71;1,1;1,89;9,63;8,6;0,92;0,93;74,79;1005;295696;2
297-PGF-20221209-11;2022-12-09T11:54:07.000Z;Kassow_107;53.8670188;12.0765577;a51003b9-c769-417c-ab66-db562e2fb587;57;57;0,11;6,4;16,4;18,47;7,08;1,19;2,06;10,88;9,4;0,99;0,83;75,26;1005;297797;4
297-PGF-20221209-12;2022-12-09T11:56:52.000Z;Kassow_107;53.8671795;12.0763009;a51003b9-c769-417c-ab66-db562e2fb587;82;82;0,08;5;13,7;16,48;6,53;1,1;1,89;13,04;7;0,47;0,73;75,51;1005;297861;2
297-PGF-20221209-13;2022-12-09T11:59:57.000Z;Kassow_107;53.8673233;12.0760594;a51003b9-c769-417c-ab66-db562e2fb587;69;69;0,09;5,6;15;18,11;6,57;1,1;1,9;12,22;7,5;0,83;0,7;76;1005;296967;2
297-PGF-20221209-14;2022-12-09T12:04:15.000Z;Kassow_107;53.8675888;12.0758138;a51003b9-c769-417c-ab66-db562e2fb587;84;84;0,08;5,2;12,7;15,8;6,31;1,11;1,92;13,54;8,1;1,29;0,44;76,8;1005;290624;2
297-PGF-20221209-15;2022-12-09T12:10:03.000Z;Kassow_107;53.8677958;12.0755089;a51003b9-c769-417c-ab66-db562e2fb587;72;72;0,11;7,1;15,2;18,02;6,87;1,01;1,75;9,16;7,5;1,21;0,24;77,74;1005;290087;2
297-PGF-20221209-16;2022-12-09T12:12:42.000Z;Kassow_107;53.8680265;12.0755798;a51003b9-c769-417c-ab66-db562e2fb587;74;74;0,08;4,6;12;16,87;6,57;0,91;1,57;11,41;8;0,5;0,13;78,4;1005;288725;2
297-PGF-20221209-17;2022-12-09T12:17:23.000Z;Kassow_107;53.867884;12.0758795;a51003b9-c769-417c-ab66-db562e2fb587;84;84;0,09;3,9;12;16,58;6,56;0,9;1,55;10,46;7,5;0,96;0,02;79,39;1005;288496;2
297-PGF-20221209-18;2022-12-09T12:20:36.000Z;Kassow_107;53.8675876;12.0762713;a51003b9-c769-417c-ab66-db562e2fb587;84;84;0,09;5,6;13,9;15,73;6,58;1,03;1,77;11,73;7,7;0,18;0,05;79,43;1005;292290;2
297-PGF-20221209-19;2022-12-09T12:25:37.000Z;Kassow_107;53.867305;12.0765907;a51003b9-c769-417c-ab66-db562e2fb587;97;97;0,1;6,4;14,3;16,41;6,38;0,99;1,71;10,05;6,5;0,75;-0,2;78,9;1005;296719;2
297-PGF-20221209-20;2022-12-09T12:28:21.000Z;Kassow_107;53.8670745;12.0769487;a51003b9-c769-417c-ab66-db562e2fb587;96;96;0,08;4,6;11,5;16,01;6,26;1,02;1,76;12,11;7,3;0,47;-0,3;78,91;1005;305077;2
297-PGF-20221209-21;2022-12-09T12:31:24.000Z;Kassow_107;53.8668752;12.0772471;a51003b9-c769-417c-ab66-db562e2fb587;84;84;0,08;6,6;11,7;15,27;6,5;0,96;1,66;11,81;6,4;0,44;-0,23;78,72;1005;302245;2
297-PGF-20221209-22;2022-12-09T12:35:08.000Z;Kassow_107;53.8666816;12.0777627;a51003b9-c769-417c-ab66-db562e2fb587;89;89;0,07;4,1;12,2;16,28;6,19;1,05;1,81;14,83;7,2;0,58;-0,1;78,97;1005;294887;2
297-PGF-20221209-23;2022-12-09T12:39:14.000Z;Kassow_107;53.8670298;12.0775982;a51003b9-c769-417c-ab66-db562e2fb587;72;72;0,12;4,3;15,2;18,83;6,9;0,98;1,69;8,3;8,3;0,54;-0,09;79,21;1005;297791;3
297-PGF-20221209-24;2022-12-09T12:59:56.000Z;Kassow_107;53.8672577;12.0772632;a51003b9-c769-417c-ab66-db562e2fb587;66;66;0,12;4,3;15,5;19,31;6,87;1,22;2,1;10,37;8,7;0,75;-0,13;79,19;1005;293079;3
297-PGF-20221209-25;2022-12-09T13:03:33.000Z;Kassow_107;53.8674974;12.0769811;a51003b9-c769-417c-ab66-db562e2fb587;94;94;0,08;5,3;14,1;16,16;6,42;1,12;1,93;13,16;9,3;-0,01;-0,2;83,42;1005;257794;2
297-PGF-20221209-26;2022-12-09T13:07:58.000Z;Kassow_107;53.8677039;12.07666;a51003b9-c769-417c-ab66-db562e2fb587;74;74;0,1;4,4;13,9;18,29;6,44;1,02;1,76;9,96;7,4;0,36;-0,17;88,06;1005;238016;2
297-PGF-20221209-27;2022-12-09T13:11:56.000Z;Kassow_107;53.8679359;12.076166;a51003b9-c769-417c-ab66-db562e2fb587;87;87;0,1;4,9;13,8;16,57;6,46;1,1;1,89;11,27;7,3;0,47;-0,2;89,18;1005;237036;2
297-PGF-20221209-28;2022-12-09T13:18:24.000Z;Kassow_107;53.8681546;12.0763024;a51003b9-c769-417c-ab66-db562e2fb587;98;98;0,1;5,9;14,2;16,71;6,62;1,07;1,84;11,23;6,9;0,65;-0,17;89,62;1005;241853;2
297-PGF-20221209-29;2022-12-09T13:22:44.000Z;Kassow_107;53.8679124;12.076697;a51003b9-c769-417c-ab66-db562e2fb587;84;84;0,1;6,1;13,3;18,25;6,33;1,22;2,11;12,79;9,1;0,75;-0,34;89,39;1005;247072;2
297-PGF-20221209-30;2022-12-09T13:28:12.000Z;Kassow_107;53.8677177;12.0769669;a51003b9-c769-417c-ab66-db562e2fb587;88;88;0,09;5,4;12,5;15,75;6,2;1,19;2,05;12,85;7,6;0,42;-0,41;89,5;1005;248697;2
297-PGF-20221209-31;2022-12-09T13:34:06.000Z;Kassow_107;53.8674785;12.0772815;a51003b9-c769-417c-ab66-db562e2fb587;79;79;0,09;4,3;13,2;16,37;6,52;1,03;1,78;11,41;7,6;0,86;-0,47;90,32;1005;252062;2
297-PGF-20221209-32;2022-12-09T13:36:58.000Z;Kassow_107;53.8672506;12.0776171;a51003b9-c769-417c-ab66-db562e2fb587;56;56;0,1;5,8;17,4;19,2;6,97;1,28;2,21;12,27;8,9;0;-0,59;90,06;1005;253798;4
297-PGF-20221209-33;2022-12-09T13:44:27.000Z;Kassow_107;53.8675119;12.0778485;a51003b9-c769-417c-ab66-db562e2fb587;91;91;0,08;4;12,9;16,05;6,41;1,05;1,82;13,26;7;0,88;-0,78;89,32;1005;253150;2
297-PGF-20221209-34;2022-12-09T13:47:06.000Z;Kassow_107;53.8677613;12.0774104;a51003b9-c769-417c-ab66-db562e2fb587;86;86;0,09;4,8;12,2;16,97;6,64;0,96;1,65;10,36;6,7;0,93;-0,7;89,67;1005;259176;2
297-PGF-20221209-35;2022-12-09T13:49:47.000Z;Kassow_107;53.8679498;12.0770126;a51003b9-c769-417c-ab66-db562e2fb587;101;101;0,07;6,5;11,6;14,73;6,3;1,06;1,83;14,41;6,9;0,89;-0,76;89,16;1005;250379;2
297-PGF-20221209-36;2022-12-09T13:52:32.000Z;Kassow_107;53.8681732;12.0766932;a51003b9-c769-417c-ab66-db562e2fb587;86;86;0,1;5;13,1;16,09;6,54;1,1;1,9;11,4;6,8;0,88;-0,7;88,76;1005;261500;2
297-PGF-20221209-37;2022-12-09T13:58:15.000Z;Kassow_107;53.8680851;12.0787108;a51003b9-c769-417c-ab66-db562e2fb587;102;102;0,09;6,8;13,2;16,18;6,5;1,06;1,84;11,48;6,8;1,01;-0,79;89,08;1005;261490;2
297-PGF-20221209-38;2022-12-09T14:06:22.000Z;Kassow_107;53.867789;12.0792697;a51003b9-c769-417c-ab66-db562e2fb587;92;92;0,09;4,7;12,9;17,72;6,4;1,02;1,75;11,19;7;0,76;-0,77;88,81;1005;261666;2
297-PGF-20221209-39;2022-12-09T14:10:17.000Z;Kassow_107;53.8675109;12.0798167;a51003b9-c769-417c-ab66-db562e2fb587;88;88;0,11;7,1;13,5;17,51;6,54;1,12;1,93;10,21;7,9;1,17;-0,83;87,97;1005;250197;2
297-PGF-20221209-41;2022-12-09T14:17:22.000Z;Kassow_107;53.8669795;12.0806547;a51003b9-c769-417c-ab66-db562e2fb587;91;91;0,11;3,3;13,8;17,51;6,5;1,04;1,8;9,29;9,4;0,19;-0,81;87,97;1005;283824;2
297-PGF-20221209-40;2022-12-09T14:14:23.000Z;Kassow_107;53.867267;12.0801837;a51003b9-c769-417c-ab66-db562e2fb587;88;88;0,1;4,2;13,2;16,33;6,37;1,12;1,93;11,55;7,7;0,78;-0,8;88,71;1005;279352;2
297-PGF-20221209-42;2022-12-09T14:20:22.000Z;Kassow_107;53.8670849;12.081101;a51003b9-c769-417c-ab66-db562e2fb587;91;91;0,1;5,5;13;17,33;6,54;1,13;1,96;11,6;7,4;0,74;-0,89;87,8;1005;281213;2
297-PGF-20221209-43;2022-12-09T14:22:54.000Z;Kassow_107;53.8673123;12.0808037;a51003b9-c769-417c-ab66-db562e2fb587;83;83;0,09;6,3;12,1;15,45;6,51;1,09;1,88;12,23;6,9;0,82;-0,87;87,51;1005;273111;2
297-PGF-20221209-46;2022-12-09T14:34:01.000Z;Kassow_107;53.8682317;12.0796859;a51003b9-c769-417c-ab66-db562e2fb587;82;82;0,1;4,1;13,2;18,39;6,52;1,07;1,85;10,71;6,6;0,81;-0,8;87,84;1005;277636;2
297-PGF-20221209-44;2022-12-09T14:25:52.000Z;Kassow_107;53.8676192;12.080381;a51003b9-c769-417c-ab66-db562e2fb587;99;99;0,11;9,5;13,3;18,19;6,6;1,2;2,07;10,77;7,1;0,75;-0,87;87,78;1005;275077;2
297-PGF-20221209-45;2022-12-09T14:31:07.000Z;Kassow_107;53.8679179;12.0800136;a51003b9-c769-417c-ab66-db562e2fb587;72;72;0,11;7;13,4;18,53;6,78;1,17;2,03;10,45;7,3;0,94;-0,8;87,91;1005;286503;2
297-PGF-20221209-47;2022-12-09T14:37:39.000Z;Kassow_107;53.868482;12.0796288;a51003b9-c769-417c-ab66-db562e2fb587;83;83;0,11;4,4;13,7;17,65;6,61;1,06;1,83;9,62;8,5;1,1;-0,8;88,08;1005;259609;2
297-PGF-20221209-48;2022-12-09T14:40:40.000Z;Kassow_107;53.8687835;12.0800027;a51003b9-c769-417c-ab66-db562e2fb587;85;85;0,1;5,7;11,3;15,92;6,46;1,18;2,04;12,34;8;1,01;-0,81;87,81;1005;274358;2
297-PGF-20221209-49;2022-12-09T14:43:40.000Z;Kassow_107;53.8690455;12.0803935;a51003b9-c769-417c-ab66-db562e2fb587;75;75;0,1;4,1;11,8;16,07;6,31;1,22;2,11;12,09;7,4;0,92;-0,7;88,34;1005;267629;2
297-PGF-20221209-50;2022-12-09T14:46:52.000Z;Kassow_107;53.8691464;12.0810064;a51003b9-c769-417c-ab66-db562e2fb587;79;79;0,1;5,9;14;17,27;6,6;1,13;1,95;10,87;7,4;0,99;-0,71;88,26;1005;275380;2
297-PGF-20221209-51;2022-12-09T14:53:20.000Z;Kassow_107;53.8688312;12.0814515;a51003b9-c769-417c-ab66-db562e2fb587;89;89;0,11;8,4;14,7;16,72;6,71;1,11;1,91;10,48;6,8;0,93;-0,9;87,99;1005;271456;2
297-PGF-20221209-52;2022-12-09T14:56:50.000Z;Kassow_107;53.8685899;12.0818883;a51003b9-c769-417c-ab66-db562e2fb587;91;91;0,09;4,9;11,7;15,33;6,53;1;1,72;11;7,1;1;-0,97;88,27;1005;264329;2
297-PGF-20221209-53;2022-12-09T14:59:28.000Z;Kassow_107;53.8681637;12.0822414;a51003b9-c769-417c-ab66-db562e2fb587;79;79;0,09;6;14,2;17,69;6,53;1,01;1,74;11,11;8,3;0,78;-1;87,69;1005;288810;2
297-PGF-20221209-54;2022-12-09T15:03:43.000Z;Kassow_107;53.86777;12.0822272;a51003b9-c769-417c-ab66-db562e2fb587;90;90;0,11;3,6;12;17,7;6,48;1,18;2,03;10,74;8,6;1,14;-0,9;88,46;1005;277098;2
297-PGF-20221209-55;2022-12-09T15:06:52.000Z;Kassow_107;53.8679789;12.0818904;a51003b9-c769-417c-ab66-db562e2fb587;91;91;0,09;7,4;11,8;16,04;6,41;1,04;1,79;11,21;7,3;1,01;-0,83;88,47;1005;269784;2
297-PGF-20221209-56;2022-12-09T15:09:16.000Z;Kassow_107;53.8682551;12.0814486;a51003b9-c769-417c-ab66-db562e2fb587;78;78;0,08;5,4;11,6;15,41;6,49;1,09;1,87;13,2;6,8;0,96;-0,8;88,1;1005;280785;2
297-PGF-20221209-57;2022-12-09T15:11:51.000Z;Kassow_107;53.86848;12.0811232;a51003b9-c769-417c-ab66-db562e2fb587;88;88;0,1;5,4;12,9;16,33;6,45;1,17;2,01;11,89;8,2;1,14;-0,8;88,37;1005;274710;2
297-PGF-20221209-58;2022-12-09T15:14:25.000Z;Kassow_107;53.8687196;12.0807941;a51003b9-c769-417c-ab66-db562e2fb587;82;82;0,11;10,8;14,1;18,79;6,71;1,1;1,9;9,99;7,1;1,08;-0,79;88,38;1005;265789;2
297-PGF-20221209-59;2022-12-09T15:20:56.000Z;Kassow_107;53.8686109;12.0802399;a51003b9-c769-417c-ab66-db562e2fb587;81;81;0,11;7,1;12,8;17,43;6,69;1,15;1,99;10,86;7,8;1,03;-0,83;88,03;1005;280158;2
297-PGF-20221209-60;2022-12-09T15:24:35.000Z;Kassow_107;53.8682273;12.0806842;a51003b9-c769-417c-ab66-db562e2fb587;81;81;0,1;4,6;13,1;16,74;6,58;0,97;1,67;9,28;8;0,82;-0,96;87,42;1005;285586;2
297-PGF-20221209-61;2022-12-09T15:28:34.000Z;Kassow_107;53.8678431;12.0812047;a51003b9-c769-417c-ab66-db562e2fb587;75;75;0,1;6,7;13,4;18,34;6,78;1,18;2,04;11,36;7;0,79;-1;87,26;1005;281712;2
297-PGF-20221209-62;2022-12-09T15:37:14.000Z;Kassow_107;53.8675882;12.0815287;a51003b9-c769-417c-ab66-db562e2fb587;82;82;0,13;5,7;14,6;18,59;6,69;1,13;1,94;8,45;9,2;0,96;-1,03;87,92;1005;277207;2
297-PGF-20230121-2;2023-01-21T10:04:40.000Z;Kassow_107;53.8673172;12.0750089;6f10978b-3654-48fb-92fb-478b29e29c69;61;61;0,11;6,6;12;17,68;6,47;1,24;2,13;11,09;7,9;0,88;7,46;59,44;1028;385315;2
297-PGF-20230121-1;2023-01-21T10:00:25.000Z;Kassow_107;53.8676137;12.074632;6f10978b-3654-48fb-92fb-478b29e29c69;58;49;0,12;10,2;11,7;15,53;6,63;1,09;1,89;9,35;6,8;3,01;10,63;49,87;1028;388281;2
297-PGF-20230121-4;2023-01-21T10:12:08.000Z;Kassow_107;53.8667228;12.0761743;6f10978b-3654-48fb-92fb-478b29e29c69;43;43;0,11;8,6;16,8;19,38;7,15;1,2;2,06;11,15;10;0,89;5,93;64,87;1028;391414;4
297-PGF-20230121-3;2023-01-21T10:09:00.000Z;Kassow_107;53.867035;12.0755692;6f10978b-3654-48fb-92fb-478b29e29c69;69;69;0,09;7,1;11,5;15,76;6,23;1,12;1,93;12,09;5,5;0,74;6,51;63,6;1028;388875;2
297-PGF-20230121-5;2023-01-21T10:36:32.000Z;Kassow_107;53.8663868;12.0768282;6f10978b-3654-48fb-92fb-478b29e29c69;49;49;0,12;6,2;11,6;17,23;6,54;1,16;2,01;9,71;9,3;1,32;5,08;69,61;1028;414050;2
297-PGF-20230121-6;2023-01-21T10:40:45.000Z;Kassow_107;53.8663106;12.0772656;6f10978b-3654-48fb-92fb-478b29e29c69;62;62;0,1;8,9;12,7;15,74;6,72;1,08;1,87;10,37;8,1;1;4,96;69,1;1028;416019;2
297-PGF-20230121-7;2023-01-21T10:43:20.000Z;Kassow_107;53.8664562;12.0775248;6f10978b-3654-48fb-92fb-478b29e29c69;57;57;0,1;9,2;11,4;15,87;6,49;1,09;1,89;10,84;7,3;0,97;4,49;71,43;1028;426577;2
297-PGF-20230121-8;2023-01-21T10:47:03.000Z;Kassow_107;53.866646;12.077233;6f10978b-3654-48fb-92fb-478b29e29c69;65;65;0,11;7,8;11;16,3;6,52;1,26;2,18;11,24;8,2;0,57;3,92;73,32;1028;415979;2
297-PGF-20230121-9;2023-01-21T10:50:34.000Z;Kassow_107;53.8668391;12.0768297;6f10978b-3654-48fb-92fb-478b29e29c69;49;49;0,14;7,2;13,5;18,66;6,83;1,26;2,17;9,28;9,2;0,82;3,72;76,27;1028;410517;3
297-PGF-20230121-10;2023-01-21T10:53:12.000Z;Kassow_107;53.867059;12.0764931;6f10978b-3654-48fb-92fb-478b29e29c69;65;65;0,14;5,8;13,1;18,07;6,76;1,05;1,82;7,67;9,6;0,76;3,7;76,34;1028;407150;3
297-PGF-20230121-11;2023-01-21T10:57:00.000Z;Kassow_107;53.8672272;12.0762008;6f10978b-3654-48fb-92fb-478b29e29c69;62;62;0,11;8;11,3;16,24;6,37;1,16;2;10,53;8;0,67;3,73;76,43;1028;405501;2
297-PGF-20230121-12;2023-01-21T10:59:34.000Z;Kassow_107;53.8674386;12.0758902;6f10978b-3654-48fb-92fb-478b29e29c69;72;72;0,12;10,8;12,4;16,4;6,26;1,13;1,96;9,57;7,8;0,75;3,7;75,78;1028;401227;2
297-PGF-20230121-13;2023-01-21T11:04:22.000Z;Kassow_107;53.8676426;12.0755592;6f10978b-3654-48fb-92fb-478b29e29c69;40;40;0,14;7,1;14,8;18,5;6,87;1,1;1,89;7,65;9,7;0,71;3,92;76,07;1028;391819;3
297-PGF-20230121-14;2023-01-21T11:07:42.000Z;Kassow_107;53.8678771;12.0751689;6f10978b-3654-48fb-92fb-478b29e29c69;51;51;0,15;6,9;13,4;18,57;6,89;1,04;1,79;7;9,4;0,5;3,86;76,27;1028;399025;3
297-PGF-20230121-15;2023-01-21T11:26:22.000Z;Kassow_107;53.86806;12.0753344;6f10978b-3654-48fb-92fb-478b29e29c69;67;67;0,13;6,2;14,6;17,45;6,64;1,16;1,99;9,04;8,1;0,63;4,06;74,84;1028;415244;2
297-PGF-20230121-16;2023-01-21T11:29:59.000Z;Kassow_107;53.8678665;12.0756961;6f10978b-3654-48fb-92fb-478b29e29c69;68;68;0,12;5,7;13,1;18,1;6,63;1,01;1,75;8,59;9;0,65;3,99;74,12;1028;422136;2
297-PGF-20230121-17;2023-01-21T11:33:21.000Z;Kassow_107;53.8676274;12.075887;6f10978b-3654-48fb-92fb-478b29e29c69;65;65;0,13;6,8;13;17,6;6,78;1,04;1,79;7,76;8,4;0,72;4,01;75,21;1028;419712;2
297-PGF-20230121-18;2023-01-21T11:36:38.000Z;Kassow_107;53.867455;12.0762529;6f10978b-3654-48fb-92fb-478b29e29c69;55;55;0,14;7,5;12,2;18,01;6,45;1,29;2,23;9,28;9,3;0,81;4,13;76,06;1028;405472;2
297-PGF-20230121-19;2023-01-21T11:40:14.000Z;Kassow_107;53.8671969;12.0765712;6f10978b-3654-48fb-92fb-478b29e29c69;67;67;0,12;8,6;10,5;16,26;6,35;1,1;1,9;9,26;8,2;0,86;4,34;75,78;1028;397071;2
297-PGF-20230121-20;2023-01-21T11:43:57.000Z;Kassow_107;53.8669388;12.0770154;6f10978b-3654-48fb-92fb-478b29e29c69;69;69;0,11;9,3;11,1;15,6;6,11;1,25;2,16;11,45;7,5;0,75;4,12;75,14;1028;415836;2
297-PGF-20230121-21;2023-01-21T11:47:02.000Z;Kassow_107;53.8665719;12.0776702;6f10978b-3654-48fb-92fb-478b29e29c69;77;77;0,1;8,2;10,3;15,14;6,05;1,1;1,9;10,56;8,4;0,94;4,13;75,58;1028;412111;2
297-PGF-20230121-22;2023-01-21T11:50:03.000Z;Kassow_107;53.8667295;12.0777533;6f10978b-3654-48fb-92fb-478b29e29c69;64;64;0,1;8,4;10,1;13,74;6,27;1,06;1,83;10,89;6,7;0,9;4,03;75,41;1028;416646;2
297-PGF-20230121-23;2023-01-21T11:52:49.000Z;Kassow_107;53.86699;12.0773726;6f10978b-3654-48fb-92fb-478b29e29c69;53;53;0,13;6,6;13,2;18,72;6,79;1,04;1,79;8,19;9,7;0,97;3,97;76;1028;406051;3
297-PGF-20230121-24;2023-01-21T11:56:14.000Z;Kassow_107;53.8671969;12.077057;6f10978b-3654-48fb-92fb-478b29e29c69;57;57;0,12;5,8;11,8;16,76;6,57;1,06;1,83;9,09;9,2;1,18;4,04;75,1;1028;395929;2
297-PGF-20230121-25;2023-01-21T11:59:53.000Z;Kassow_107;53.8673913;12.0767389;6f10978b-3654-48fb-92fb-478b29e29c69;68;68;0,11;9,4;11,6;15,34;6,25;1,12;1,93;9,78;7,6;0,78;3,98;75,17;1028;400622;2
297-PGF-20230121-26;2023-01-21T12:02:51.000Z;Kassow_107;53.8675961;12.0763899;6f10978b-3654-48fb-92fb-478b29e29c69;40;40;0,13;7,5;11,6;17,61;6,65;1,2;2,07;9,48;7,6;0,94;3,94;75,6;1028;397119;2
297-PGF-20230121-27;2023-01-21T12:06:35.000Z;Kassow_107;53.86781;12.0761;6f10978b-3654-48fb-92fb-478b29e29c69;52;52;0,1;6,2;10,9;15,96;6,51;1,03;1,77;10,49;7,6;0,88;3,9;75,98;1028;394034;2
297-PGF-20230121-28;2023-01-21T12:10:54.000Z;Kassow_107;53.8680094;12.0757702;6f10978b-3654-48fb-92fb-478b29e29c69;47;43;0,14;5,8;11,8;17,35;6,69;1,04;1,79;7,52;10,5;0,9;3,99;75,52;1028;410787;2
297-PGF-20230121-29;2023-01-21T12:15:33.000Z;Kassow_107;53.8681539;12.0759925;6f10978b-3654-48fb-92fb-478b29e29c69;60;60;0,12;6,9;11,7;16,6;6,63;1,2;2,07;10,1;8,7;0,96;4,07;75,68;1028;408824;2
297-PGF-20230121-30;2023-01-21T12:20:11.000Z;Kassow_107;53.8681481;12.0762652;6f10978b-3654-48fb-92fb-478b29e29c69;54;54;0,12;6,8;10,7;17,6;6,37;1,19;2,05;9,65;9,2;0,96;4,1;75,42;1028;406633;2
297-PGF-20230121-31;2023-01-21T12:25:47.000Z;Kassow_107;53.8679647;12.076311;6f10978b-3654-48fb-92fb-478b29e29c69;57;57;0,14;5,8;11;18,29;6,6;1,19;2,05;8,82;9,3;1,07;4,2;74,73;1028;413873;2
297-PGF-20230121-32;2023-01-21T12:29:01.000Z;Kassow_107;53.8679563;12.0766632;6f10978b-3654-48fb-92fb-478b29e29c69;54;52;0,12;7,3;11,1;15,5;6,59;1,07;1,85;9,08;8,1;1,21;4,23;74,34;1028;415666;2
297-PGF-20230121-33;2023-01-21T12:31:59.000Z;Kassow_107;53.8677136;12.0767007;6f10978b-3654-48fb-92fb-478b29e29c69;76;76;0,12;7,5;11,9;17,07;6,36;1,2;2,07;9,97;8;1,04;4,31;74,34;1028;407486;2
297-PGF-20230121-34;2023-01-21T12:35:54.000Z;Kassow_107;53.867676;12.0771256;6f10978b-3654-48fb-92fb-478b29e29c69;72;72;0,13;8;12;16,7;6,39;1,34;2,32;10,68;8,2;0,93;4,34;73,89;1028;414704;2
297-PGF-20230121-35;2023-01-21T12:38:21.000Z;Kassow_107;53.8673764;12.0771294;6f10978b-3654-48fb-92fb-478b29e29c69;57;57;0,14;4,3;12;17,88;6,55;1,11;1,92;8,05;9,2;0,9;4,32;73,2;1028;422034;3
297-PGF-20230121-36;2023-01-21T12:41:03.000Z;Kassow_107;53.8675104;12.0775507;6f10978b-3654-48fb-92fb-478b29e29c69;69;69;0,12;5,3;10,9;17,36;6,29;1,21;2,08;9,8;8,3;1,14;4,29;73,42;1027;423300;2
297-PGF-20230121-37;2023-01-21T12:46:18.000Z;Kassow_107;53.8680476;12.0787511;6f10978b-3654-48fb-92fb-478b29e29c69;67;67;0,12;6,5;12,3;16,56;6,49;1,16;2;9,81;9;1,03;4,21;73,66;1027;417767;2
297-PGF-20230121-38;2023-01-21T12:51:53.000Z;Kassow_107;53.8678415;12.0791162;6f10978b-3654-48fb-92fb-478b29e29c69;62;62;0,12;7,6;11,8;17,91;6,77;1,15;1,97;9,44;8,5;0,83;4,3;72,39;1027;425286;2
297-PGF-20230121-39;2023-01-21T12:57:05.000Z;Kassow_107;53.8676041;12.079477;6f10978b-3654-48fb-92fb-478b29e29c69;62;62;0,12;7,1;11,6;17,55;6,58;1,11;1,91;9,02;8,4;1,13;4,33;72,4;1028;426853;2
297-PGF-20230121-40;2023-01-21T13:00:14.000Z;Kassow_107;53.8673032;12.0799237;6f10978b-3654-48fb-92fb-478b29e29c69;60;60;0,12;7,1;12;17,05;6,65;1,07;1,85;8,83;8,3;1,08;4,31;71,99;1028;423209;2
297-PGF-20230121-41;2023-01-21T13:10:58.000Z;Kassow_107;53.8671138;12.0803098;6f10978b-3654-48fb-92fb-478b29e29c69;65;65;0,14;6;11,9;18,11;6,71;1,19;2,06;8,49;9,9;0,75;4,12;71,98;1028;422956;3
297-PGF-20230121-42;2023-01-21T13:13:25.000Z;Kassow_107;53.8670585;12.0803948;6f10978b-3654-48fb-92fb-478b29e29c69;58;58;0,16;6,1;11,3;19,07;6,79;1,19;2,05;7,53;9,7;0,85;4,1;72,07;1028;427269;3
297-PGF-20230121-43;2023-01-21T13:16:11.000Z;Kassow_107;53.866809;12.0808478;6f10978b-3654-48fb-92fb-478b29e29c69;52;52;0,14;6,5;12,7;18,05;6,64;1,12;1,94;7,89;10,1;0,97;4,16;71,99;1028;423188;3
297-PGF-20230121-44;2023-01-21T13:20:36.000Z;Kassow_107;53.8671557;12.0814917;6f10978b-3654-48fb-92fb-478b29e29c69;56;56;0,14;6,6;12,5;17,9;6,7;1,22;2,11;8,51;9;1,06;4,1;72,3;1028;430767;2
297-PGF-20230121-45;2023-01-21T13:24:48.000Z;Kassow_107;53.8673864;12.0810665;6f10978b-3654-48fb-92fb-478b29e29c69;49;49;0,15;6,5;12,6;17,99;6,75;1,18;2,04;7,76;10,1;1,04;4,09;72,5;1028;421452;3
297-PGF-20230121-46;2023-01-21T13:29:39.000Z;Kassow_107;53.8677524;12.0804424;6f10978b-3654-48fb-92fb-478b29e29c69;56;56;0,12;6,4;10,9;16,89;6,57;1,05;1,81;8,96;8,4;0,88;3,92;73;1028;425299;2
297-PGF-20230121-47;2023-01-21T13:32:35.000Z;Kassow_107;53.8680698;12.0799343;6f10978b-3654-48fb-92fb-478b29e29c69;62;62;0,14;4,9;11,4;18,63;6,58;1,15;1,98;8,21;10;0,86;4;72,69;1028;425219;3
297-PGF-20230121-48;2023-01-21T13:36:20.000Z;Kassow_107;53.8684093;12.0793402;6f10978b-3654-48fb-92fb-478b29e29c69;61;61;0,13;5,1;11,5;17,8;6,64;1,07;1,85;8,42;9,4;0,92;4,06;72,37;1028;419624;3
297-PGF-20230121-49;2023-01-21T13:42:14.000Z;Kassow_107;53.8688573;12.0798102;6f10978b-3654-48fb-92fb-478b29e29c69;65;65;0,09;7,2;10,7;16,94;6,54;1,07;1,84;11,49;9,1;0,69;3,98;72,82;1028;426171;2
297-PGF-20230121-50;2023-01-21T13:46:42.000Z;Kassow_107;53.8686709;12.0801337;6f10978b-3654-48fb-92fb-478b29e29c69;59;59;0,11;6,6;10,9;16,39;6,6;1,18;2,04;10,43;6,9;0,82;3,97;73,1;1028;422478;2
297-PGF-20230121-51;2023-01-21T13:49:47.000Z;Kassow_107;53.8683055;12.0806799;6f10978b-3654-48fb-92fb-478b29e29c69;67;67;0,12;6,1;12,2;18,11;6,66;1,17;2,02;9,71;9,1;0,78;3,96;72,1;1028;431831;2
297-PGF-20230121-52;2023-01-21T13:52:41.000Z;Kassow_107;53.8679875;12.0811328;6f10978b-3654-48fb-92fb-478b29e29c69;40;40;0,15;4,9;13,2;19,37;6,79;1,16;2;7,87;10,4;0,93;4;72,66;1028;421880;3
297-PGF-20230121-54;2023-01-21T14:00:04.000Z;Kassow_107;53.8674306;12.0820361;6f10978b-3654-48fb-92fb-478b29e29c69;53;53;0,11;7,8;10,8;15,72;6,35;1,13;1,95;10,43;8,6;0,85;3,8;72,64;1028;428995;2
297-PGF-20230121-55;2023-01-21T14:04:27.000Z;Kassow_107;53.8678249;12.0824903;6f10978b-3654-48fb-92fb-478b29e29c69;76;76;0,11;7,2;11,5;16,76;6,26;1,11;1,91;10,36;8,7;0,93;3,86;72,9;1028;424755;2
297-PGF-20230121-56;2023-01-21T14:08:01.000Z;Kassow_107;53.868083;12.082122;6f10978b-3654-48fb-92fb-478b29e29c69;75;75;0,1;6,9;12,3;16,74;6,23;1,17;2,01;11,75;8,3;0,94;3,9;73,18;1028;415583;2
297-PGF-20230121-57;2023-01-21T14:11:09.000Z;Kassow_107;53.8684034;12.0816772;6f10978b-3654-48fb-92fb-478b29e29c69;76;76;0,13;7,3;11,7;17,05;6,46;1,15;1,98;8,51;8,4;0,96;3,76;73,44;1028;425135;2
297-PGF-20230121-58;2023-01-21T14:14:24.000Z;Kassow_107;53.8687376;12.0811269;6f10978b-3654-48fb-92fb-478b29e29c69;66;66;0,13;9,7;11,8;17,78;6,24;1,32;2,28;10,21;10;1,13;3,68;74,16;1028;425020;2
297-PGF-20230121-59;2023-01-21T14:20:19.000Z;Kassow_107;53.8689733;12.0806768;6f10978b-3654-48fb-92fb-478b29e29c69;63;63;0,13;6;10,8;17,25;6,6;1,2;2,06;9,33;8,9;0,88;3,68;73,74;1028;428705;2
297-PGF-20230121-60;2023-01-21T14:24:43.000Z;Kassow_107;53.8692886;12.0805313;6f10978b-3654-48fb-92fb-478b29e29c69;56;56;0,15;7,6;12,3;18,24;6,75;1,08;1,87;7,33;9,3;1,42;3,7;73,79;1028;414320;3
297-PGF-20230121-61;2023-01-21T14:30:01.000Z;Kassow_107;53.8690062;12.0809894;6f10978b-3654-48fb-92fb-478b29e29c69;64;64;0,12;6,8;11,5;16,41;6,5;1,24;2,13;10,37;9,2;1,15;3,6;73,88;1028;426689;2
297-PGF-20230121-62;2023-01-21T14:33:19.000Z;Kassow_107;53.8687279;12.0814423;6f10978b-3654-48fb-92fb-478b29e29c69;54;54;0,14;6;11;17,67;6,61;1,19;2,05;8,74;9,8;1,06;3,58;73,96;1028;423958;2
297-PGF-20230121-63;2023-01-21T14:36:42.000Z;Kassow_107;53.8686346;12.0817423;6f10978b-3654-48fb-92fb-478b29e29c69;58;58;0,13;6,9;11;15,83;6,54;1,11;1,92;8,6;9,1;1,21;3,7;73,81;1028;418139;2
297-PGF-20230121-64;2023-01-21T14:42:31.000Z;Kassow_107;53.8683961;12.0819561;6f10978b-3654-48fb-92fb-478b29e29c69;65;65;0,12;10,2;11,1;17,23;6,34;1,25;2,15;10,26;9,3;1,1;3,73;73,74;1028;409715;2
297-PGF-20230121-65;2023-01-21T14:46:34.000Z;Kassow_107;53.8681965;12.0826692;6f10978b-3654-48fb-92fb-478b29e29c69;49;48;0,13;8,1;11,3;16,19;6,41;1,13;1,95;8,78;8,5;0,96;3,62;73,01;1028;424013;2
297-PGF-20230121-66;2023-01-21T14:49:47.000Z;Kassow_107;53.8678403;12.0829113;6f10978b-3654-48fb-92fb-478b29e29c69;46;46;0,12;6,7;12,3;17,44;6,72;1,03;1,77;8,23;9,1;1,58;3,57;73,13;1028;423400;2
297-PGF-20230121-53;2023-01-21T13:55:18.000Z;Kassow_107;53.8677256;12.0815369;6f10978b-3654-48fb-92fb-478b29e29c69;47;47;0,13;6,1;12,3;17,81;6,69;1,08;1,86;8,5;8,5;0,94;3,78;72,83;1028;432727;2
297-PGF-20230209-12-yyei;2023-02-15T10:30:06.000Z;Kassow_107;53.8677136;12.0746324;6f10978b-3654-48fb-92fb-478b29e29c69;55;55;0,11;5,9;12;15,37;6,76;1,27;2,2;11,43;7,4;7,06;12,91;52,81;1024;379059;2
297-PGF-20230215-2-tbkr;2023-02-15T10:34:47.000Z;Kassow_107;53.8679115;12.0749465;6f10978b-3654-48fb-92fb-478b29e29c69;67;67;0,12;7,6;13,3;16,59;6,81;1,39;2,4;11,83;6,5;1,83;9,23;61,91;1024;397471;2
297-PGF-20230215-3-glmf;2023-02-15T10:37:56.000Z;Kassow_107;53.8681383;12.0754326;6f10978b-3654-48fb-92fb-478b29e29c69;64;64;0,12;4,2;11,6;16,1;6,62;1,23;2,12;10,41;6,8;1,69;6,92;69,17;1024;410710;2
297-PGF-20230215-4-lqdb;2023-02-15T10:41:19.000Z;Kassow_107;53.8683437;12.0760162;6f10978b-3654-48fb-92fb-478b29e29c69;71;71;0,13;5,2;13;17,66;6,74;1,39;2,4;10,35;7,1;1,74;5,88;73,11;1024;421576;2
297-PGF-20230215-5-evhd;2023-02-15T10:45:10.000Z;Kassow_107;53.8685208;12.076398;6f10978b-3654-48fb-92fb-478b29e29c69;66;66;0,13;6,7;12,9;16,66;6,78;1,25;2,16;9,89;5,8;1,81;5,42;76,38;1024;411973;2
297-PGF-20230215-6-zgre;2023-02-15T10:48:24.000Z;Kassow_107;53.8683166;12.0767057;6f10978b-3654-48fb-92fb-478b29e29c69;76;76;0,12;4;11,8;16,87;6,68;1,17;2,02;9,95;6,3;1,85;4,98;77,48;1024;422340;2
297-PGF-20230215-8-nbno;2023-02-15T10:54:25.000Z;Kassow_107;53.8678745;12.0771182;6f10978b-3654-48fb-92fb-478b29e29c69;94;94;0,11;6;12,4;15,65;6,48;1,17;2,02;10,56;6,4;1,75;4,33;80,58;1024;426797;2
297-PGF-20230215-7-ahsf;2023-02-15T10:51:08.000Z;Kassow_107;53.8680814;12.076778;6f10978b-3654-48fb-92fb-478b29e29c69;83;83;0,1;4,9;10,5;15,66;6,5;1,13;1,95;10,79;6,5;1,71;4,7;78,97;1024;419606;2
297-PGF-20230215-9-cikl;2023-02-15T10:57:09.000Z;Kassow_107;53.8676336;12.0774781;6f10978b-3654-48fb-92fb-478b29e29c69;83;83;0,12;5,5;11,7;16,43;6,66;1,18;2,04;9,79;6,3;1,76;4,2;81,74;1024;429494;2
297-PGF-20230215-10-igub;2023-02-15T10:59:59.000Z;Kassow_107;53.8674469;12.0777738;6f10978b-3654-48fb-92fb-478b29e29c69;94;94;0,13;3,1;11,6;17,25;6,47;1,2;2,07;9,18;8,2;1,71;4,07;81,79;1024;432734;2
297-PGF-20230215-11-jmpb;2023-02-15T11:04:08.000Z;Kassow_107;53.8670047;12.0782041;6f10978b-3654-48fb-92fb-478b29e29c69;85;85;0,13;4,5;13,8;16,79;6,51;1,17;2,02;9,27;7,8;1,83;4,1;83,2;1024;428669;2
297-PGF-20230215-12-hllu;2023-02-15T11:08:22.000Z;Kassow_107;53.8671846;12.0778511;6f10978b-3654-48fb-92fb-478b29e29c69;45;45;0,13;6,1;14,8;17,38;7,05;1,3;2,24;9,67;9,1;2,1;4,13;84,07;1024;423925;3
297-PGF-20230215-13-fmnc;2023-02-15T11:11:30.000Z;Kassow_107;53.8674127;12.0774721;6f10978b-3654-48fb-92fb-478b29e29c69;75;75;0,12;3,1;12,2;16,99;6,64;1,19;2,06;9,69;7,5;1,82;4,02;84,06;1024;426208;2
297-PGF-20230215-14-ilzn;2023-02-15T11:18:14.000Z;Kassow_107;53.8675715;12.0771679;6f10978b-3654-48fb-92fb-478b29e29c69;85;85;0,1;4,4;11,7;16,26;6,35;1,2;2,06;11,78;7,9;1,74;4,07;83,88;1024;426430;2
297-PGF-20230215-15-myyt;2023-02-15T11:21:16.000Z;Kassow_107;53.867803;12.0767943;6f10978b-3654-48fb-92fb-478b29e29c69;92;92;0,12;4,7;12,7;16,86;6,6;1,18;2,03;9,77;6,2;1,81;4,1;84,12;1024;429469;2
297-PGF-20230215-16-abbj;2023-02-15T11:24:34.000Z;Kassow_107;53.8680235;12.0763938;6f10978b-3654-48fb-92fb-478b29e29c69;77;77;0,12;4,9;11,9;17,02;6,41;1,26;2,17;10,38;6,8;2,1;4,14;84,03;1024;436233;2
297-PGF-20230215-17-yyml;2023-02-15T11:27:54.000Z;Kassow_107;53.8682048;12.0758152;6f10978b-3654-48fb-92fb-478b29e29c69;80;80;0,11;3,9;11,8;16,55;6,58;1,07;1,85;9,66;6,9;2,03;4,1;84,78;1024;435160;2
297-PGF-20230215-18-mayd;2023-02-15T11:30:59.000Z;Kassow_107;53.8680169;12.0761673;6f10978b-3654-48fb-92fb-478b29e29c69;76;76;0,09;5,3;11;16,4;6,38;1,03;1,78;11,2;6,6;2,21;4,04;84,89;1024;438209;2
297-PGF-20230215-19-plfz;2023-02-15T11:34:16.000Z;Kassow_107;53.8677844;12.0765489;6f10978b-3654-48fb-92fb-478b29e29c69;71;71;0,13;5,1;13,1;16,37;6,61;1,15;1,99;8,9;6,4;2,38;4,17;84,86;1024;437387;2
297-PGF-20230215-20-eqck;2023-02-15T11:38:07.000Z;Kassow_107;53.8674727;12.0770586;6f10978b-3654-48fb-92fb-478b29e29c69;71;71;0,13;6,4;13,4;17,06;6,61;1,22;2,1;9,51;7;2,1;4,28;85,09;1024;434775;2
297-PGF-20230215-21-rlkr;2023-02-15T11:41:23.000Z;Kassow_107;53.867256;12.0774512;6f10978b-3654-48fb-92fb-478b29e29c69;53;53;0,12;7,6;13,9;17,15;7,09;1,23;2,12;10,38;7,4;2,33;4,4;84,48;1024;437941;4
297-PGF-20230215-22-ftqn;2023-02-15T11:45:54.000Z;Kassow_107;53.8670312;12.0777718;6f10978b-3654-48fb-92fb-478b29e29c69;50;50;0,13;7,9;14,3;18,06;7,12;1,37;2,36;10,21;8,9;2,46;4,41;84,66;1024;439224;3
297-PGF-20230215-23-scee;2023-02-15T11:49:39.000Z;Kassow_107;53.8665417;12.078109;6f10978b-3654-48fb-92fb-478b29e29c69;79;79;0,11;3,6;11,8;15,77;6,54;1,12;1,93;10,24;6,6;2,61;4,58;84,54;1024;437154;2
297-PGF-20230215-24-nsru;2023-02-15T11:53:11.000Z;Kassow_107;53.8668175;12.0776442;6f10978b-3654-48fb-92fb-478b29e29c69;72;72;0,09;4,8;11,2;15,31;6,36;1,08;1,86;11,71;6,4;2,46;4,66;84,81;1024;431229;2
297-PGF-20230215-25-nmwg;2023-02-15T11:56:27.000Z;Kassow_107;53.8670441;12.0772612;6f10978b-3654-48fb-92fb-478b29e29c69;80;80;0,13;4,2;13,4;17,28;6,69;1,21;2,09;9,36;7,3;2,61;4,83;83,98;1024;433241;2
297-PGF-20230215-26-kqry;2023-02-15T12:00:06.000Z;Kassow_107;53.8672901;12.0768574;6f10978b-3654-48fb-92fb-478b29e29c69;67;67;0,1;6,1;11,1;14,57;6,58;1,18;2,04;12;5,5;2,83;4,94;84,03;1024;427121;2
297-PGF-20230215-27-efwu;2023-02-15T12:03:16.000Z;Kassow_107;53.8675182;12.0764739;6f10978b-3654-48fb-92fb-478b29e29c69;82;82;0,12;6,2;12,8;16,02;6,41;1,15;1,98;10;9,2;2,76;4,94;83,93;1024;427167;2
297-PGF-20230215-28-knpi;2023-02-15T12:06:36.000Z;Kassow_107;53.8678433;12.0759256;6f10978b-3654-48fb-92fb-478b29e29c69;76;76;0,09;4,1;12;16,15;6,47;0,97;1,67;10,22;6,4;2,76;4,97;84,03;1024;422118;2
297-PGF-20230215-29-gbau;2023-02-15T12:23:47.000Z;Kassow_107;53.867964;12.0752732;6f10978b-3654-48fb-92fb-478b29e29c69;83;83;0,13;3,2;13,6;17,12;6,56;1,15;1,98;8,98;7,5;2,4;4,74;84,94;1023;430544;2
297-PGF-20230215-30-jrbg;2023-02-15T12:26:51.000Z;Kassow_107;53.8677912;12.0755803;6f10978b-3654-48fb-92fb-478b29e29c69;49;49;0,12;6,7;13,9;18,07;6,92;1,08;1,87;9,17;7,5;2,92;4,9;84,37;1023;427115;3
297-PGF-20230215-31-hzmo;2023-02-15T12:29:46.000Z;Kassow_107;53.8675137;12.0760847;6f10978b-3654-48fb-92fb-478b29e29c69;73;73;0,13;4,9;12,4;17,91;6,72;1,2;2,07;9,2;7,3;2,96;4,97;83,97;1023;432420;2
297-PGF-20230215-32-zxam;2023-02-15T12:33:12.000Z;Kassow_107;53.8672561;12.0765142;6f10978b-3654-48fb-92fb-478b29e29c69;87;87;0,12;4;11,1;16,48;6,59;1,15;1,98;9,67;6,4;3,03;4,97;83,91;1023;430040;2
297-PGF-20230215-33-ntki;2023-02-15T12:36:35.000Z;Kassow_107;53.8669458;12.0770409;6f10978b-3654-48fb-92fb-478b29e29c69;74;74;0,12;5,3;10,3;15,76;6,29;1,24;2,13;10,56;6,4;3,14;5,04;83,93;1023;421160;2
297-PGF-20230215-34-rawm;2023-02-15T12:40:03.000Z;Kassow_107;53.8666606;12.0775078;6f10978b-3654-48fb-92fb-478b29e29c69;81;81;0,1;6;10,6;15,81;6,44;1,29;2,22;12,62;6,5;3,01;5,02;83,97;1023;422171;2
297-PGF-20230215-35-bxyc;2023-02-15T12:44:15.000Z;Kassow_107;53.8663832;12.0776971;6f10978b-3654-48fb-92fb-478b29e29c69;76;76;0,1;4,4;13,5;15,29;6,58;1,13;1,95;10,87;6,8;3,13;5;83,78;1023;426506;2
297-PGF-20230215-36-anai;2023-02-15T12:48:03.000Z;Kassow_107;53.8667064;12.0771377;6f10978b-3654-48fb-92fb-478b29e29c69;78;78;0,12;5;11,3;15,89;6,39;1,17;2,02;9,89;6,6;3,04;5;83,89;1023;428982;2
297-PGF-20230215-37-ujbr;2023-02-15T12:52:46.000Z;Kassow_107;53.8670312;12.0765735;6f10978b-3654-48fb-92fb-478b29e29c69;45;45;0,13;7,5;13,1;18,09;7,04;1,27;2,19;9,56;9;3,06;5;83,68;1023;431602;3
297-PGF-20230215-38-uadc;2023-02-15T12:57:03.000Z;Kassow_107;53.8672616;12.0762162;6f10978b-3654-48fb-92fb-478b29e29c69;75;75;0,11;5,3;12,3;16,24;6,64;1,1;1,89;9,55;6,9;2,94;5,17;83,81;1023;422714;2
297-PGF-20230215-39-aihi;2023-02-15T13:00:17.000Z;Kassow_107;53.8675439;12.0757489;6f10978b-3654-48fb-92fb-478b29e29c69;73;73;0,12;4,8;12,2;16,29;6,55;1,14;1,97;9,87;7,6;3,1;5,36;83,16;1023;425928;2
297-PGF-20230215-41-ikaa;2023-02-15T13:07:45.000Z;Kassow_107;53.867674;12.0750265;6f10978b-3654-48fb-92fb-478b29e29c69;69;69;0,13;4,7;12,9;17,3;6,76;1,24;2,14;9,23;7,6;3,11;5,08;83,52;1023;427085;3
297-PGF-20230215-40-nleb;2023-02-15T13:03:24.000Z;Kassow_107;53.8677914;12.0753347;6f10978b-3654-48fb-92fb-478b29e29c69;43;43;0,12;6,6;14;17,9;7,04;1,1;1,9;9,03;7,2;3,04;5,17;83,23;1023;435745;3
297-PGF-20230215-42-pdqo;2023-02-15T13:11:27.000Z;Kassow_107;53.8674228;12.0754334;6f10978b-3654-48fb-92fb-478b29e29c69;76;76;0,12;3,3;11,9;16;6,71;1,03;1,77;8,85;7,4;3,19;5,13;83,6;1023;425217;2
297-PGF-20230215-43-ubbf;2023-02-15T13:14:26.000Z;Kassow_107;53.8671852;12.0758532;6f10978b-3654-48fb-92fb-478b29e29c69;74;74;0,12;4,2;11,4;16,48;6,4;1,29;2,22;10,51;6,8;3,19;5,07;83,73;1023;430181;2
297-PGF-20230215-44-pxcn;2023-02-15T13:18:44.000Z;Kassow_107;53.8667875;12.0765587;6f10978b-3654-48fb-92fb-478b29e29c69;48;48;0,14;8;15,5;18,79;7,05;1,32;2,28;9,6;10,6;3,26;5,21;83,76;1023;430914;4
297-PGF-20230215-45-zviw;2023-02-15T13:22:11.000Z;Kassow_107;53.8664515;12.077115;6f10978b-3654-48fb-92fb-478b29e29c69;77;77;0,12;5,7;12,6;16,01;6,61;1,31;2,26;11,08;7,4;3,14;5,38;83,11;1023;427629;2
297-PGF-20230215-46-sgmw;2023-02-15T13:25:46.000Z;Kassow_107;53.8662293;12.0773037;6f10978b-3654-48fb-92fb-478b29e29c69;82;82;0,11;5,3;12,3;15,19;6,52;1,08;1,87;10,21;6,7;2,88;5,3;83,19;1023;429605;2
297-PGF-20230215-47-mngf;2023-02-15T13:30:02.000Z;Kassow_107;53.8665254;12.0767161;6f10978b-3654-48fb-92fb-478b29e29c69;83;83;0,14;5,2;12,4;16,96;6,63;1,32;2,27;9,47;8,6;3,14;5,4;82,88;1023;437157;2
297-PGF-20230215-48-jlox;2023-02-15T13:33:38.000Z;Kassow_107;53.8667727;12.0762273;6f10978b-3654-48fb-92fb-478b29e29c69;41;41;0,1;6,7;16,9;18,51;7,13;1,21;2,09;12,68;11,2;3,44;5,41;82,47;1023;437055;4
297-PGF-20230215-49-viwh;2023-02-15T13:37:11.000Z;Kassow_107;53.8669984;12.0757867;6f10978b-3654-48fb-92fb-478b29e29c69;60;60;0,11;4,8;12;16,31;6,57;1,06;1,83;9,47;7,2;3,22;5,46;81,98;1023;441177;2
297-PGF-20230215-50-nvxu;2023-02-15T13:40:51.000Z;Kassow_107;53.8672086;12.0754283;6f10978b-3654-48fb-92fb-478b29e29c69;78;78;0,12;5,9;12;15,74;6,57;1,11;1,92;9,54;6,2;3,17;5,46;81,86;1023;441579;2
297-PGF-20230215-51-dyqw;2023-02-15T13:44:17.000Z;Kassow_107;53.8674168;12.0750664;6f10978b-3654-48fb-92fb-478b29e29c69;74;74;0,1;4;12,6;16,23;6,63;1,12;1,93;10,77;6,5;3,26;5,43;81,93;1023;439901;2
297-PGF-20230215-53-kife;2023-02-15T14:13:06.000Z;Kassow_107;53.8678679;12.0789521;6f10978b-3654-48fb-92fb-478b29e29c69;77;77;0,12;4;12,4;17,02;6,62;1,19;2,06;10,37;6,8;3,14;4,93;83,16;1022;437487;2
297-PGF-20230215-54-zmsi;2023-02-15T14:17:03.000Z;Kassow_107;53.8676186;12.0793824;6f10978b-3654-48fb-92fb-478b29e29c69;84;84;0,12;4,3;12;16,81;6,66;1,12;1,93;9,14;6,9;3,21;4,98;83,76;1022;433764;2
297-PGF-20230215-52-xrai;2023-02-15T14:09:09.000Z;Kassow_107;53.8681032;12.0785344;6f10978b-3654-48fb-92fb-478b29e29c69;78;78;0,11;4,9;12,4;16,66;6,4;1,26;2,17;11,88;6,3;3,39;5,04;82,99;1022;443386;2
297-PGF-20230215-55-vwwr;2023-02-15T14:20:51.000Z;Kassow_107;53.8674171;12.0797409;6f10978b-3654-48fb-92fb-478b29e29c69;85;85;0,13;3,8;11,2;16,67;6,58;1,15;1,98;8,99;7,2;3,21;4,99;83,28;1022;436019;2
297-PGF-20230215-56-qdit;2023-02-15T14:24:27.000Z;Kassow_107;53.8672342;12.0800658;6f10978b-3654-48fb-92fb-478b29e29c69;79;79;0,13;5,1;12,8;16,71;6,69;1,2;2,07;8,92;6,2;3,19;4,99;82,96;1023;437558;2
297-PGF-20230215-57-pdvm;2023-02-15T14:27:24.000Z;Kassow_107;53.8669972;12.0805021;6f10978b-3654-48fb-92fb-478b29e29c69;61;61;0,14;5,1;14,1;17,01;6,87;1,27;2,19;9,07;8,1;3,22;5,07;82,69;1022;439946;3
297-PGF-20230215-58-bjfd;2023-02-15T14:32:30.000Z;Kassow_107;53.867028;12.0811467;6f10978b-3654-48fb-92fb-478b29e29c69;79;79;0,12;4,2;12,4;16,35;6,63;1,18;2,03;9,56;6,4;3,28;5,1;83,12;1022;432659;2
297-PGF-20230215-59-ahsg;2023-02-15T14:36:01.000Z;Kassow_107;53.8672741;12.0807955;6f10978b-3654-48fb-92fb-478b29e29c69;77;77;0,1;5,1;10,7;15,14;6,48;1,14;1,97;11,34;6,1;3,4;5,16;83,26;1022;430531;2
297-PGF-20230215-60-sdbf;2023-02-15T14:39:10.000Z;Kassow_107;53.8675145;12.0803912;6f10978b-3654-48fb-92fb-478b29e29c69;75;75;0,12;4,6;10,5;16,65;6,59;1,1;1,9;9,35;6,9;3,44;5,17;82,78;1023;435028;2
297-PGF-20230215-61-zdkd;2023-02-15T14:42:33.000Z;Kassow_107;53.8677817;12.0799407;6f10978b-3654-48fb-92fb-478b29e29c69;67;67;0,14;5,3;12,6;17,81;6,72;1,21;2,08;8,86;7,2;3,33;5,1;82,48;1022;440199;2
297-PGF-20230215-62-bmrr;2023-02-15T14:45:55.000Z;Kassow_107;53.8680177;12.0795255;6f10978b-3654-48fb-92fb-478b29e29c69;73;73;0,12;4,5;13,1;17,16;6,54;1,15;1,98;9,68;6,9;3,46;5,17;82,53;1022;442851;2
297-PGF-20230215-63-qgyx;2023-02-15T14:49:37.000Z;Kassow_107;53.8683107;12.0790527;6f10978b-3654-48fb-92fb-478b29e29c69;66;66;0,1;4,9;11,8;15,64;6,51;1,11;1,91;10,81;6,2;3,49;5,2;82,69;1022;438894;2
297-PGF-20230215-65-sihj;2023-02-15T14:57:34.000Z;Kassow_107;53.8682574;12.0799008;6f10978b-3654-48fb-92fb-478b29e29c69;72;72;0,12;4,8;12,5;16,35;6,61;1,16;2;9,72;6,4;3,28;5,03;83,11;1023;442064;2
297-PGF-20230215-64-bitq;2023-02-15T14:53:29.000Z;Kassow_107;53.8685182;12.0794928;6f10978b-3654-48fb-92fb-478b29e29c69;75;75;0,11;2,7;10,9;16,54;6,52;0,96;1,66;8,59;7,7;3,35;5,13;82,51;1022;442799;2
297-PGF-20230215-66-tuvt;2023-02-15T15:01:34.000Z;Kassow_107;53.8680134;12.0803057;6f10978b-3654-48fb-92fb-478b29e29c69;76;76;0,12;5,3;12,7;15,52;6,65;1,04;1,79;8,55;6,7;3,28;4,9;83,78;1022;438141;2
297-PGF-20230215-67-hoyb;2023-02-15T15:04:58.000Z;Kassow_107;53.8677701;12.0807124;6f10978b-3654-48fb-92fb-478b29e29c69;97;97;0,09;4,6;10,5;15,32;6,45;1,07;1,85;11,89;6,1;3,29;4,89;84,09;1023;433714;2
297-PGF-20230215-68-xrmy;2023-02-15T15:08:38.000Z;Kassow_107;53.8674959;12.0811678;6f10978b-3654-48fb-92fb-478b29e29c69;64;64;0,14;4;14,8;17,2;6,87;1,14;1,96;8,01;8,4;3,35;4,9;83,92;1022;435996;2
297-PGF-20230215-69-jitx;2023-02-15T15:13:16.000Z;Kassow_107;53.8675106;12.0818691;6f10978b-3654-48fb-92fb-478b29e29c69;87;87;0,12;5,2;12,2;16,06;6,62;1,19;2,06;9,58;6,9;3,36;4,87;83,81;1022;432746;2
297-PGF-20230215-70-uesp;2023-02-15T15:16:34.000Z;Kassow_107;53.8677809;12.081424;6f10978b-3654-48fb-92fb-478b29e29c69;65;65;0,12;4,6;12;16,57;6,5;1,15;1,99;9,83;7,3;3,28;4,9;83,6;1022;436180;2
297-PGF-20230215-71-goux;2023-02-15T15:19:26.000Z;Kassow_107;53.8680346;12.0810247;6f10978b-3654-48fb-92fb-478b29e29c69;70;70;0,14;3,9;12,3;17,34;6,77;1,19;2,05;8,35;6,9;3,4;4,87;83,51;1022;435788;2
297-PGF-20230215-72-tjbi;2023-02-15T15:22:54.000Z;Kassow_107;53.8682903;12.0806018;6f10978b-3654-48fb-92fb-478b29e29c69;74;74;0,11;3,9;11;16,52;6,45;1,1;1,9;9,92;8,1;3,43;4,78;83,84;1022;434852;2
297-PGF-20230215-73-qfro;2023-02-15T15:26:33.000Z;Kassow_107;53.8685381;12.0801934;6f10978b-3654-48fb-92fb-478b29e29c69;86;86;0,11;3,7;11,2;16,05;6,67;1,05;1,81;9,22;6,2;3,46;4,9;84,06;1022;424183;2
297-PGF-20230215-74-nvlw;2023-02-15T15:29:55.000Z;Kassow_107;53.8687778;12.0797708;6f10978b-3654-48fb-92fb-478b29e29c69;83;83;0,1;5,8;10,6;15,54;6,25;1,16;2,01;11,31;7,2;3,43;4,9;84,07;1022;427101;2
297-PGF-20230215-75-ikvg;2023-02-15T15:32:51.000Z;Kassow_107;53.8689591;12.0801426;6f10978b-3654-48fb-92fb-478b29e29c69;78;78;0,1;4,4;10,2;16,02;6,44;1,05;1,82;10,2;7;3,46;4,81;84,28;1022;431993;2
297-PGF-20230215-76-dmmz;2023-02-15T15:36:17.000Z;Kassow_107;53.8686954;12.0805202;6f10978b-3654-48fb-92fb-478b29e29c69;77;77;0,13;3,8;12,7;17,25;6,54;1,27;2,19;9,65;7,2;3,31;4,73;84,52;1022;431734;2
297-PGF-20230215-78-xxew;2023-02-15T15:42:20.000Z;Kassow_107;53.8681896;12.0813552;6f10978b-3654-48fb-92fb-478b29e29c69;74;74;0,13;2,2;12,8;16,89;6,62;1,12;1,93;8,67;7,5;3,38;4,77;84,36;1022;430451;2
297-PGF-20230215-77-xmri;2023-02-15T15:39:18.000Z;Kassow_107;53.8684557;12.0809506;6f10978b-3654-48fb-92fb-478b29e29c69;85;85;0,12;3;12,5;16,63;6,58;1,03;1,77;8,61;7,4;3,33;4,78;84,56;1022;426394;2
297-PGF-20230215-80-hlha;2023-02-15T15:49:17.000Z;Kassow_107;53.867691;12.0821766;6f10978b-3654-48fb-92fb-478b29e29c69;84;84;0,12;5,8;11,1;15,63;6,54;1,1;1,9;9,43;6;3,4;4,66;84,56;1022;434009;2
297-PGF-20230215-79-enel;2023-02-15T15:46:10.000Z;Kassow_107;53.8679503;12.0817317;6f10978b-3654-48fb-92fb-478b29e29c69;70;70;0,11;4,2;10,8;15,2;6,46;1,21;2,08;11,38;6,8;3,46;4,7;84,59;1022;426708;2
297-PGF-20230215-81-pmnk;2023-02-15T15:52:00.000Z;Kassow_107;53.8679215;12.0825936;6f10978b-3654-48fb-92fb-478b29e29c69;79;79;0,11;3,8;11;16,18;6,52;1,07;1,85;9,54;7,8;3,31;4,6;84,54;1022;440801;2
297-PGF-20230215-82-qjlb;2023-02-15T15:55:55.000Z;Kassow_107;53.8681529;12.0822069;6f10978b-3654-48fb-92fb-478b29e29c69;87;87;0,12;3,3;11,7;16,37;6,63;1,03;1,78;8,43;8;3,44;4,59;84,57;1022;440354;2
297-PGF-20230215-83-dtee;2023-02-15T16:00:27.000Z;Kassow_107;53.8684092;12.0817982;6f10978b-3654-48fb-92fb-478b29e29c69;87;87;0,11;6,1;10,8;15,45;6,38;1,12;1,93;9,76;7,6;3,56;4,56;84,69;1022;437691;2
297-PGF-20230215-86-gyru;2023-02-15T16:10:58.000Z;Kassow_107;53.8690834;12.0806495;6f10978b-3654-48fb-92fb-478b29e29c69;87;87;0,12;4;11,6;16,62;6,61;1,22;2,1;10,41;7,6;3,26;4,5;84,87;1022;438428;2
297-PGF-20230215-84-kumc;2023-02-15T16:05:10.000Z;Kassow_107;53.8686432;12.0813942;6f10978b-3654-48fb-92fb-478b29e29c69;80;80;0,1;4,6;11;15,46;6,41;1,1;1,9;11,24;7;3,35;4,51;84,74;1022;437749;2
297-PGF-20230215-85-xnnm;2023-02-15T16:08:05.000Z;Kassow_107;53.8688952;12.0809847;6f10978b-3654-48fb-92fb-478b29e29c69;83;83;0,14;3,7;10,7;16,76;6,61;1,13;1,95;8,27;7,6;3,26;4,46;85,02;1022;442443;2
297-PGF-20230303-1-lwtw;2023-03-03T09:49:46.000Z;Kassow_107;53.8676057;12.0747732;6f10978b-3654-48fb-92fb-478b29e29c69;50;50;0,15;9,2;11,5;17,11;6,56;1,69;2,91;11,45;7,6;3,4;10,04;57,37;1020;421061;2
297-PGF-20230303-2-zghj;2023-03-03T09:58:23.000Z;Kassow_107;53.8673785;12.0752552;6f10978b-3654-48fb-92fb-478b29e29c69;59;59;0,17;7,1;12,3;19,04;6,66;1,44;2,48;8,69;11,1;2,39;6,84;67,29;1020;443474;2
297-PGF-20230303-3-lxtw;2023-03-03T10:02:22.000Z;Kassow_107;53.8671056;12.0757923;6f10978b-3654-48fb-92fb-478b29e29c69;58;58;0,14;6,1;10,4;17,31;6,56;1,36;2,34;9,91;8,8;2,24;5,34;72,79;1021;451451;2
297-PGF-20230303-4-hzle;2023-03-03T10:05:32.000Z;Kassow_107;53.8668405;12.0763551;6f10978b-3654-48fb-92fb-478b29e29c69;29;23;0,15;10,4;14,2;20,04;7,16;1,5;2,58;10,23;10,3;2,13;5,07;74,03;1020;465107;4
297-PGF-20230303-5-edrp;2023-03-03T10:09:08.000Z;Kassow_107;53.8665914;12.076948;6f10978b-3654-48fb-92fb-478b29e29c69;62;62;0,12;8,4;12,5;16,36;6,5;1,22;2,11;10,07;9,4;2,39;5,07;75,01;1020;467429;2
297-PGF-20230303-6-ejsb;2023-03-03T10:13:03.000Z;Kassow_107;53.8664387;12.0776878;6f10978b-3654-48fb-92fb-478b29e29c69;80;80;0,11;6,9;10,3;15,21;6,24;1,33;2,3;11,62;7,7;2,33;4,79;75,42;1020;481366;2
297-PGF-20230303-7-gecg;2023-03-03T10:17:18.000Z;Kassow_107;53.8666196;12.0776163;6f10978b-3654-48fb-92fb-478b29e29c69;85;85;0,13;7,5;11,4;16,93;6,42;1,33;2,29;9,89;8,4;2,35;4,6;76,71;1020;488070;2
297-PGF-20230303-8-nszp;2023-03-03T10:20:13.000Z;Kassow_107;53.8669159;12.0771577;6f10978b-3654-48fb-92fb-478b29e29c69;81;81;0,12;5,9;10,2;16,22;6,12;1,46;2,51;12,24;8,4;2,35;4,37;77,31;1021;495119;2
297-PGF-20230303-9-wuyd;2023-03-03T10:23:56.000Z;Kassow_107;53.8671785;12.0767216;6f10978b-3654-48fb-92fb-478b29e29c69;63;63;0,15;9,2;11,6;17,25;6,42;1,51;2,6;9,86;7,6;2,39;4,3;78,23;1021;497050;2
297-PGF-20230303-10-pvxz;2023-03-03T10:27:19.000Z;Kassow_107;53.8674628;12.0762447;6f10978b-3654-48fb-92fb-478b29e29c69;59;59;0,15;7,3;13,5;18,2;6,54;1,49;2,57;10,29;7,8;2,29;4,06;79,2;1021;487368;2
297-PGF-20230303-11-lwtg;2023-03-03T10:30:42.000Z;Kassow_107;53.8677603;12.0758036;6f10978b-3654-48fb-92fb-478b29e29c69;65;65;0,14;6,4;12,5;17,87;6,54;1,26;2,18;9,32;9,2;2,33;3,73;80,51;1021;498850;2
297-PGF-20230303-12-iqcq;2023-03-03T10:33:37.000Z;Kassow_107;53.8679092;12.0754311;6f10978b-3654-48fb-92fb-478b29e29c69;52;52;0,15;9,4;13,2;18,4;6,8;1,2;2,07;7,85;9;2,38;3,42;80,46;1021;506660;4
297-PGF-20230303-13-aeeg;2023-03-03T10:53:53.000Z;Kassow_107;53.868026;12.0756716;6f10978b-3654-48fb-92fb-478b29e29c69;62;62;0,12;5,3;11,7;17,46;6,4;1,23;2,13;10,3;9,3;2,53;3,7;80,46;1021;507260;2
297-PGF-20230303-14-jcdb;2023-03-03T10:58:00.000Z;Kassow_107;53.8677657;12.0760932;6f10978b-3654-48fb-92fb-478b29e29c69;76;76;0,13;5,6;10,6;16,58;6,55;1,21;2,08;9,49;8,5;2,49;3,64;80,52;1021;520366;2
297-PGF-20230303-15-ajip;2023-03-03T11:01:41.000Z;Kassow_107;53.8675204;12.0764782;6f10978b-3654-48fb-92fb-478b29e29c69;69;69;0,13;5,9;10,8;17,43;6,38;1,36;2,35;10,47;8,3;2,47;3,63;81,21;1021;512924;2
297-PGF-20230303-16-dbbb;2023-03-03T11:05:04.000Z;Kassow_107;53.8672406;12.0769254;6f10978b-3654-48fb-92fb-478b29e29c69;79;79;0,11;10,6;12,6;16,29;6,56;1,19;2,04;10,52;8,1;2,44;3,67;81,29;1020;519839;2
297-PGF-20230303-17-bxzh;2023-03-03T11:09:51.000Z;Kassow_107;53.8669745;12.0773819;6f10978b-3654-48fb-92fb-478b29e29c69;85;85;0,15;6,4;11,6;17,2;6,53;1,18;2,03;8,04;8,6;2,49;3,61;80,91;1020;516778;2
297-PGF-20230303-18-oxmo;2023-03-03T11:13:34.000Z;Kassow_107;53.8673488;12.0778149;6f10978b-3654-48fb-92fb-478b29e29c69;59;59;0,17;7,6;12,9;19,07;6,75;1,5;2,58;8,68;11;2,43;3,5;82,28;1020;506045;3
297-PGF-20230303-19-ddkj;2023-03-03T11:16:27.000Z;Kassow_107;53.8676031;12.0773597;6f10978b-3654-48fb-92fb-478b29e29c69;61;61;0,15;6,4;11,8;17,39;6,47;1,34;2,31;9,23;8,6;2,5;3,5;81,71;1020;516235;2
297-PGF-20230303-20-vnvp;2023-03-03T11:19:59.000Z;Kassow_107;53.8678619;12.0769207;6f10978b-3654-48fb-92fb-478b29e29c69;81;81;0,14;7,1;11,9;17,6;6,56;1,47;2,54;10,19;8,3;2,6;3,56;80,9;1021;520437;2
297-PGF-20230303-21-udsv;2023-03-03T11:24:05.000Z;Kassow_107;53.868143;12.0764642;6f10978b-3654-48fb-92fb-478b29e29c69;81;81;0,14;11,3;12,9;18,15;6,71;1,39;2,4;9,69;7,6;2,74;3,67;80,94;1021;522007;3
297-PGF-20230303-22-okma;2023-03-03T11:30:06.000Z;Kassow_107;53.8679829;12.0784411;6f10978b-3654-48fb-92fb-478b29e29c69;72;72;0,13;6,8;11;17,11;6,41;1,34;2,31;10,1;7,9;2,64;3,7;79,59;1020;533757;2
297-PGF-20230303-23-kazl;2023-03-03T11:33:14.000Z;Kassow_107;53.8677052;12.0788815;6f10978b-3654-48fb-92fb-478b29e29c69;73;73;0,14;6,1;12,5;17,73;6,63;1,24;2,13;8,79;9,9;2,65;3,49;79,39;1020;532080;2
297-PGF-20230303-24-lnha;2023-03-03T11:36:43.000Z;Kassow_107;53.8674509;12.0793132;6f10978b-3654-48fb-92fb-478b29e29c69;75;75;0,16;5,6;11,4;18,15;6,61;1,17;2,02;7,5;9,7;2,68;3,5;80,11;1020;526831;2
297-PGF-20230303-25-jcfs;2023-03-03T11:41:34.000Z;Kassow_107;53.8671605;12.0797955;6f10978b-3654-48fb-92fb-478b29e29c69;69;69;0,15;5,4;10,8;18,22;6,62;1,32;2,27;8,5;9,1;2,44;3,3;80,46;1020;523142;2
297-PGF-20230303-26-rbmf;2023-03-03T11:45:18.000Z;Kassow_107;53.8669221;12.0803722;6f10978b-3654-48fb-92fb-478b29e29c69;23;23;0,14;11,2;13,7;19,89;7,09;1,42;2,44;10,17;10,4;2,64;3,38;80,37;1020;529601;4
297-PGF-20230303-27-gkvy;2023-03-03T11:48:43.000Z;Kassow_107;53.866659;12.0808887;6f10978b-3654-48fb-92fb-478b29e29c69;62;62;0,14;6,8;12,4;16,65;6,63;1,25;2,16;9,11;9,7;2,93;3,59;79,94;1020;530638;2
297-PGF-20230303-28-pgai;2023-03-03T11:52:24.000Z;Kassow_107;53.8663995;12.08134;6f10978b-3654-48fb-92fb-478b29e29c69;39;39;0,16;7,3;14,2;20,23;6,91;1,46;2,52;9,11;11,5;2,9;3,63;79,96;1020;533377;3
297-PGF-20230303-29-xkvt;2023-03-03T11:55:51.000Z;Kassow_107;53.866135;12.0818011;6f10978b-3654-48fb-92fb-478b29e29c69;69;69;0,14;6,1;11,4;17,47;6,47;1,36;2,34;9,83;9;2,89;3,59;80,02;1020;544353;2
297-PGF-20230303-30-ecjx;2023-03-03T11:59:50.000Z;Kassow_107;53.8658709;12.0822348;6f10978b-3654-48fb-92fb-478b29e29c69;81;81;0,15;5,5;11,4;17,51;6,23;1,61;2,78;10,95;9,5;2,88;3,48;80,54;1020;536846;2
297-PGF-20230303-31-fxkv;2023-03-03T12:02:57.000Z;Kassow_107;53.8661076;12.082632;6f10978b-3654-48fb-92fb-478b29e29c69;66;66;0,16;5,9;12,2;18,28;6,7;1,16;2;7,48;8,5;2,79;3,3;81,48;1020;535137;2
297-PGF-20230303-32-kidx;2023-03-03T12:07:43.000Z;Kassow_107;53.8663823;12.0821766;6f10978b-3654-48fb-92fb-478b29e29c69;75;75;0,17;5,8;11,7;19,06;6,52;1,62;2,8;9,65;10;2,78;3,31;81,98;1020;540839;2
297-PGF-20230303-33-sghh;2023-03-03T12:13:51.000Z;Kassow_107;53.8666478;12.0816845;6f10978b-3654-48fb-92fb-478b29e29c69;51;51;0,15;9,2;13,5;19,68;6,79;1,45;2,5;9,61;9,5;2,61;3,37;81,67;1020;541221;4
297-PGF-20230303-34-nanl;2023-03-03T12:18:31.000Z;Kassow_107;53.8670134;12.0811204;6f10978b-3654-48fb-92fb-478b29e29c69;79;79;0,13;7;11;16,41;6,3;1,39;2,4;10,32;9,2;2,76;3,09;81,86;1020;548102;2
297-PGF-20230303-35-hbxl;2023-03-03T12:21:40.000Z;Kassow_107;53.86733;12.0806456;6f10978b-3654-48fb-92fb-478b29e29c69;79;79;0,12;7,7;11;16,03;6,2;1,28;2,21;10,93;8,2;2,71;3,09;82,17;1020;549793;2
297-PGF-20230303-36-ywsb;2023-03-03T12:24:50.000Z;Kassow_107;53.8676073;12.0801638;6f10978b-3654-48fb-92fb-478b29e29c69;72;72;0,14;5,1;11,3;17,53;6,48;1,22;2,11;8,93;10,2;2,63;3,03;82,36;1020;545157;2
297-PGF-20230303-37-ituy;2023-03-03T12:28:15.000Z;Kassow_107;53.8678811;12.0796961;6f10978b-3654-48fb-92fb-478b29e29c69;72;72;0,13;5,2;11,3;17,53;6,41;1,36;2,34;10,41;9,9;2,68;2,93;83,2;1020;542955;2
297-PGF-20230303-38-cyio;2023-03-03T12:31:55.000Z;Kassow_107;53.8682486;12.079247;6f10978b-3654-48fb-92fb-478b29e29c69;68;68;0,1;7,2;11,2;15,88;6,4;1,27;2,19;12,29;7,5;2,78;3,01;82,94;1020;544104;2
297-PGF-20230303-39-ngfd;2023-03-03T13:07:45.000Z;Kassow_107;53.8713133;12.0871077;6f10978b-3654-48fb-92fb-478b29e29c69;78;78;0,13;4,2;10,5;17,86;6,51;1,18;2,04;9,46;9,4;3,13;4,5;77,14;1020;552184;2
297-PGF-20230303-40-xiap;2023-03-03T13:10:31.000Z;Kassow_107;53.8710875;12.0876058;6f10978b-3654-48fb-92fb-478b29e29c69;67;67;0,12;6,2;10,8;15,84;6,26;1,16;2,01;9,9;8,6;2,85;4,12;78,8;1020;552335;2
297-PGF-20230303-41-ijux;2023-03-03T13:13:27.000Z;Kassow_107;53.87082;12.0881747;6f10978b-3654-48fb-92fb-478b29e29c69;32;32;0,12;7,7;13,1;19,39;7;1,16;1,99;9,26;10,2;2,69;3,86;79,06;1019;548506;4
297-PGF-20230303-42-lebl;2023-03-03T13:17:28.000Z;Kassow_107;53.8705721;12.0886824;6f10978b-3654-48fb-92fb-478b29e29c69;74;74;0,11;7;10,5;16,41;6,54;1,16;1,99;10,15;8,9;2,76;3,74;80,29;1019;549711;2
297-PGF-20230303-43-joth;2023-03-03T13:20:30.000Z;Kassow_107;53.8703255;12.0891933;6f10978b-3654-48fb-92fb-478b29e29c69;67;67;0,12;5,2;10,9;16,55;6,37;1,21;2,08;10,47;7,7;2,89;3,72;80,64;1019;561382;2
297-PGF-20230303-44-kcez;2023-03-03T13:24:14.000Z;Kassow_107;53.8699676;12.0890892;6f10978b-3654-48fb-92fb-478b29e29c69;39;39;0,13;10,2;13,5;19,59;7,11;1,19;2,05;8,84;11,4;2,92;3,83;79,56;1019;558436;4
297-PGF-20230303-45-cdwx;2023-03-03T13:27:28.000Z;Kassow_107;53.870243;12.0887426;6f10978b-3654-48fb-92fb-478b29e29c69;59;59;0,12;3,4;10,9;17;6,36;1,12;1,93;9,42;9,7;3,08;3,96;78,5;1019;574537;3
297-PGF-20230303-46-kjvo;2023-03-03T13:30:50.000Z;Kassow_107;53.8704404;12.0883108;6f10978b-3654-48fb-92fb-478b29e29c69;75;75;0,12;4,1;10,9;16,24;6,34;1,21;2,09;10,3;8,2;2,93;4,04;79,23;1019;560099;2
297-PGF-20230303-47-tyqz;2023-03-03T13:35:28.000Z;Kassow_107;53.8706672;12.0878964;6f10978b-3654-48fb-92fb-478b29e29c69;71;71;0,13;4,4;11,7;16,74;6,3;1,16;2;8,75;9,7;2,94;4,1;78,83;1019;562480;2
297-PGF-20230303-48-prtz;2023-03-03T13:38:42.000Z;Kassow_107;53.8708913;12.0874678;6f10978b-3654-48fb-92fb-478b29e29c69;77;77;0,12;7,1;10,6;16,68;6,37;1,26;2,17;10,4;8,4;2,86;4,1;78,28;1019;576282;2
297-PGF-20230303-49-vqyd;2023-03-03T13:42:11.000Z;Kassow_107;53.8710514;12.0871663;6f10978b-3654-48fb-92fb-478b29e29c69;72;72;0,11;6,5;11,4;15,66;6,18;1,36;2,34;11,92;6,2;2,83;4,11;78,42;1019;573465;2
297-PGF-20230303-50-zvcn;2023-03-03T13:49:07.000Z;Kassow_107;53.8710935;12.0861732;6f10978b-3654-48fb-92fb-478b29e29c69;79;79;0,13;4,7;10,9;17,27;6,45;1,23;2,12;9,43;10,4;3,13;4,21;78,13;1019;574302;2
297-PGF-20230303-51-ifte;2023-03-03T13:52:54.000Z;Kassow_107;53.8713628;12.0857014;6f10978b-3654-48fb-92fb-478b29e29c69;69;69;0,12;6,6;13,2;17,62;6,56;1,29;2,22;10,47;8,5;3,01;4,3;78,11;1019;567154;2
297-PGF-20230303-52-gmyn;2023-03-03T13:57:11.000Z;Kassow_107;53.8715332;12.085194;6f10978b-3654-48fb-92fb-478b29e29c69;43;43;0,13;8,8;13,6;18,99;7,03;1,24;2,14;9,46;9,7;3,08;4,3;78,38;1019;555337;3
297-PGF-20230303-53-qryh;2023-03-03T14:00:44.000Z;Kassow_107;53.8717227;12.0849738;6f10978b-3654-48fb-92fb-478b29e29c69;40;40;0,13;10,5;13,4;18,99;7,22;1,19;2,05;9,25;9,3;2,9;4,23;78,18;1019;570162;4
297-PGF-20230303-54-lymm;2023-03-03T14:07:53.000Z;Kassow_107;53.8716982;12.0843762;6f10978b-3654-48fb-92fb-478b29e29c69;77;77;0,13;7,2;12,9;17,4;6,56;1,26;2,17;9,74;8,8;3,08;4,2;78,94;1019;569379;2
297-PGF-20230303-55-rtdw;2023-03-03T14:11:42.000Z;Kassow_107;53.8714468;12.0848745;6f10978b-3654-48fb-92fb-478b29e29c69;49;49;0,13;12,5;13,1;19,53;7,03;1,27;2,19;9,48;10;3,03;4,23;78,61;1019;570782;3
297-PGF-20230303-56-zkua;2023-03-03T14:14:57.000Z;Kassow_107;53.8712208;12.0852567;6f10978b-3654-48fb-92fb-478b29e29c69;58;58;0,14;8,7;13,8;18,54;6,83;1,31;2,26;9,32;9,5;3,07;4,14;78,38;1019;577922;2
297-PGF-20230303-57-hdfb;2023-03-03T14:18:13.000Z;Kassow_107;53.871039;12.0856063;6f10978b-3654-48fb-92fb-478b29e29c69;59;59;0,14;8,2;13,1;18,22;6,71;1,2;2,07;8,88;9,5;3,03;4,19;78,31;1019;579063;3
297-PGF-20230303-58-uxzr;2023-03-03T14:24:21.000Z;Kassow_107;53.8703444;12.0856128;6f10978b-3654-48fb-92fb-478b29e29c69;31;31;0,13;10,5;15,1;19,3;7,14;1,23;2,12;9,17;10;3,07;4,22;78,74;1019;559176;4
297-PGF-20230303-59-nqou;2023-03-03T14:29:04.000Z;Kassow_107;53.8706342;12.0851374;6f10978b-3654-48fb-92fb-478b29e29c69;41;41;0,09;10,3;14,5;17,93;7,12;1,06;1,82;11,9;8,9;2,89;4,26;78,88;1019;563861;4
297-PGF-20230303-60-yowt;2023-03-03T14:33:37.000Z;Kassow_107;53.8709199;12.0846701;6f10978b-3654-48fb-92fb-478b29e29c69;79;79;0,14;6,2;11,6;16,37;6,6;1,27;2,2;9,21;8,3;2,86;4,32;77,99;1019;564887;2
297-PGF-20230303-61-fqjw;2023-03-03T14:38:08.000Z;Kassow_107;53.8712012;12.084204;6f10978b-3654-48fb-92fb-478b29e29c69;67;67;0,17;4,4;10,2;18,9;6,54;1,6;2,75;9,46;9,3;2,81;4,4;77,6;1019;565793;2
297-PGF-20230303-62-ukwc;2023-03-03T14:42:59.000Z;Kassow_107;53.8713077;12.0833431;6f10978b-3654-48fb-92fb-478b29e29c69;77;77;0,11;6;10,1;15,14;6;1,34;2,31;11,67;8,3;3,28;4,57;77,6;1019;568099;2
297-PGF-20230303-63-unle;2023-03-03T14:48:58.000Z;Kassow_107;53.8710906;12.0837222;6f10978b-3654-48fb-92fb-478b29e29c69;94;94;0,15;4,4;10,9;17,25;6,46;1,47;2,53;10,06;8,1;3,1;4,49;77,5;1019;560765;2
297-PGF-20230303-65-nkro;2023-03-03T14:55:29.000Z;Kassow_107;53.8705361;12.0847366;6f10978b-3654-48fb-92fb-478b29e29c69;56;56;0,13;13,6;13,4;18,72;7,13;1,36;2,34;10,12;11,1;2,92;4,56;76,33;1019;571702;3
297-PGF-20230303-64-cnem;2023-03-03T14:52:19.000Z;Kassow_107;53.8708375;12.0842064;6f10978b-3654-48fb-92fb-478b29e29c69;82;82;0,09;7,1;10,4;12,24;6,44;1,15;1,99;12,34;6,7;2,99;4,57;76,73;1019;576905;2
297-PGF-20230303-66-rnam;2023-03-03T14:59:04.000Z;Kassow_107;53.8701916;12.0852431;6f10978b-3654-48fb-92fb-478b29e29c69;52;52;0,11;12,1;14,1;19,12;7,11;1,24;2,14;11,39;9,8;2,79;4,59;76,96;1018;559597;3
297-PGF-20230303-67-fazt;2023-03-03T15:02:30.000Z;Kassow_107;53.8698656;12.0856543;6f10978b-3654-48fb-92fb-478b29e29c69;46;46;0,13;10,2;12,9;17,91;6,71;1,2;2,07;9,43;9,3;2,78;4,53;77,34;1018;569007;2
297-PGF-20230303-68-mciy;2023-03-03T15:09:40.000Z;Kassow_107;53.8695838;12.0860988;6f10978b-3654-48fb-92fb-478b29e29c69;39;38;0,13;7,9;13,5;19,99;7,16;1,29;2,22;9,69;11,4;2,76;4,43;76,28;1018;571912;4
297-PGF-20230303-69-xrgn;2023-03-03T15:13:34.000Z;Kassow_107;53.8692931;12.0866173;6f10978b-3654-48fb-92fb-478b29e29c69;36;36;0,12;11,4;13,5;20,54;7,17;1,34;2,31;10,82;12,5;2,79;4,54;76,47;1018;561954;4
297-PGF-20230303-70-apbd;2023-03-03T15:17:08.000Z;Kassow_107;53.8690376;12.0870901;6f10978b-3654-48fb-92fb-478b29e29c69;32;32;0,13;7,1;14;20,39;7,05;1,31;2,25;10,32;11,4;2,96;4,6;77,32;1018;559376;4
297-PGF-20230303-71-tvyc;2023-03-03T15:21:17.000Z;Kassow_107;53.8687836;12.087604;6f10978b-3654-48fb-92fb-478b29e29c69;94;94;0,11;5,6;11,2;14,67;6,47;1,23;2,13;11,69;7,2;3;4,6;77,09;1018;560541;2
297-PGF-20230303-72-oltc;2023-03-03T15:25:26.000Z;Kassow_107;53.8684978;12.0881337;6f10978b-3654-48fb-92fb-478b29e29c69;82;82;0,14;5,1;10,5;16,5;6,33;1,41;2,44;10,34;8,6;3,13;4,64;77,31;1018;564083;2
297-PGF-20230303-73-hnkl;2023-03-03T15:28:29.000Z;Kassow_107;53.8683109;12.0887707;6f10978b-3654-48fb-92fb-478b29e29c69;53;53;0,19;6,8;13,9;20,19;6,89;1,56;2,69;8,24;11,3;3,01;4,66;77,07;1018;568876;3
297-PGF-20230303-74-nikm;2023-03-03T15:32:29.000Z;Kassow_107;53.8679643;12.0889571;6f10978b-3654-48fb-92fb-478b29e29c69;36;36;0,16;7,6;12,5;20,42;7,08;1,5;2,58;9,17;11,9;3,06;4,62;76,71;1018;556821;4
297-PGF-20230303-75-xffz;2023-03-03T15:35:53.000Z;Kassow_107;53.8681789;12.0883267;6f10978b-3654-48fb-92fb-478b29e29c69;61;61;0,17;7,3;11,7;18,63;6,7;1,71;2,94;9,79;9,7;3,01;4,64;77,07;1018;550373;3
297-PGF-20230303-76-pwga;2023-03-03T15:39:50.000Z;Kassow_107;53.8684507;12.0878399;6f10978b-3654-48fb-92fb-478b29e29c69;76;76;0,15;5,9;13,2;17,95;6,59;1,55;2,67;10,18;10,4;2,94;4,61;76,4;1018;570398;2
297-PGF-20230303-77-tfwn;2023-03-03T15:43:28.000Z;Kassow_107;53.8687395;12.0873281;6f10978b-3654-48fb-92fb-478b29e29c69;87;87;0,14;9;11,9;16,94;6,39;1,24;2,13;8,64;10;3,1;4,58;77,01;1018;574672;2
297-PGF-20230303-78-yicg;2023-03-03T15:46:37.000Z;Kassow_107;53.86903;12.0868538;6f10978b-3654-48fb-92fb-478b29e29c69;37;37;0,12;9,2;13,3;19,57;7,12;1,1;1,9;8,91;10,4;3;4,51;76,68;1017;569220;4
297-PGF-20230303-79-dwyp;2023-03-03T15:50:05.000Z;Kassow_107;53.8693009;12.0863829;6f10978b-3654-48fb-92fb-478b29e29c69;34;34;0,12;10,6;12,9;20,07;7,19;1,09;1,88;8,73;10,3;2,88;4,47;76,52;1017;578398;4
297-PGF-20230303-80-ubwm;2023-03-03T15:58:01.000Z;Kassow_107;53.8695967;12.0858804;6f10978b-3654-48fb-92fb-478b29e29c69;38;38;0,13;8,7;13,8;19,25;7,11;1,21;2,08;9,09;11,3;2,75;4,47;75,91;1017;579531;4
297-PGF-20230303-81-rnsw;2023-03-03T16:01:23.000Z;Kassow_107;53.8699057;12.0853633;6f10978b-3654-48fb-92fb-478b29e29c69;69;69;0,12;6,6;10,5;14,84;6,3;1,27;2,19;10,74;7,7;2,74;4,47;75,68;1017;583902;2
297-PGF-20230303-82-oyjs;2023-03-03T16:08:18.000Z;Kassow_107;53.8701777;12.0848654;6f10978b-3654-48fb-92fb-478b29e29c69;73;73;0,15;7,5;12,5;17,84;6,61;1,53;2,64;9,92;8,7;2,92;4,41;76,03;1018;574280;2
297-PGF-20230303-83-pett;2023-03-03T16:11:40.000Z;Kassow_107;53.8703999;12.0842353;6f10978b-3654-48fb-92fb-478b29e29c69;76;76;0,13;6,8;10,3;16,93;6,28;1,62;2,8;12,04;7,6;2,86;4,47;75,92;1018;575354;2
297-PGF-20230303-84-eahf;2023-03-03T16:14:54.000Z;Kassow_107;53.8706215;12.0836656;6f10978b-3654-48fb-92fb-478b29e29c69;82;82;0,13;6,4;10,4;16,53;6,38;1,49;2,57;11,91;7,3;2,9;4,5;75,43;1018;584085;2
297-PGF-20230303-85-omhr;2023-03-03T16:21:06.000Z;Kassow_107;53.8709082;12.0830643;6f10978b-3654-48fb-92fb-478b29e29c69;75;75;0,13;6,2;11,3;17,74;6,59;1,44;2,48;10,87;9;2,94;4,6;75,61;1017;571305;2
297-PGF-20230303-86-fyax;2023-03-03T16:28:14.000Z;Kassow_107;53.869234;12.0806479;6f10978b-3654-48fb-92fb-478b29e29c69;74;74;0,13;6,2;12,6;17,13;6,56;1,35;2,33;10,66;9,1;2,97;4,5;76,09;1017;567428;2
297-PGF-20230303-87-tvww;2023-03-03T16:31:30.000Z;Kassow_107;53.8689958;12.0809717;6f10978b-3654-48fb-92fb-478b29e29c69;91;91;0,13;5;11,1;16,7;6,37;1,55;2,68;12,38;8,4;3;4,5;75,43;1017;581756;2
297-PGF-20230303-88-hlxy;2023-03-03T16:35:46.000Z;Kassow_107;53.8687289;12.0815665;6f10978b-3654-48fb-92fb-478b29e29c69;80;80;0,14;6,2;11,9;16,98;6,57;1,42;2,44;10,11;8,3;3;4,56;75,82;1017;561237;2
297-PGF-20230303-89-knfy;2023-03-03T16:39:54.000Z;Kassow_107;53.8683476;12.0823974;6f10978b-3654-48fb-92fb-478b29e29c69;71;71;0,13;4,2;11,8;16,89;6,53;1,16;2;8,75;9,3;2,9;4,58;75,66;1017;559787;2
297-PGF-20230303-90-uqth;2023-03-03T16:43:52.000Z;Kassow_107;53.8679097;12.0823653;6f10978b-3654-48fb-92fb-478b29e29c69;69;69;0,12;6,2;10,6;16,7;6,31;1,25;2,16;10,21;8,6;2,81;4,6;75,56;1017;547327;2
297-PGF-20230303-91-zfpg;2023-03-03T16:47:27.000Z;Kassow_107;53.8683335;12.0814171;6f10978b-3654-48fb-92fb-478b29e29c69;89;89;0,14;8,8;14,1;17,7;6,57;1,42;2,45;9,83;8,8;2,88;4,63;75,36;1017;549762;2
297-PGF-20230303-92-razg;2023-03-03T16:50:49.000Z;Kassow_107;53.8686714;12.0808598;6f10978b-3654-48fb-92fb-478b29e29c69;87;87;0,15;7,8;13,9;18,43;6,6;1,42;2,45;9,17;8,3;2,76;4,67;75,38;1017;544598;2
297-PGF-20230303-93-irzm;2023-03-03T16:55:25.000Z;Kassow_107;53.8690033;12.0801158;6f10978b-3654-48fb-92fb-478b29e29c69;84;84;0,13;5,4;10,8;17;6,53;1,29;2,22;9,9;8,3;2,82;4,56;75,47;1017;550818;2
297-PGF-20230303-94-dotq;2023-03-03T16:58:21.000Z;Kassow_107;53.8687297;12.0798194;6f10978b-3654-48fb-92fb-478b29e29c69;74;74;0,12;6,9;10,6;16,14;6,46;1,23;2,12;10,46;7,7;2,85;4,5;76,03;1017;562771;2
297-PGF-20230303-95-fkns;2023-03-03T17:01:23.000Z;Kassow_107;53.8683522;12.0802799;6f10978b-3654-48fb-92fb-478b29e29c69;72;72;0,12;4,5;11,4;17,59;6,54;1,16;2,01;9,63;8,8;2,81;4,56;76,08;1017;568868;2
297-PGF-20230303-96-qaks;2023-03-03T17:04:58.000Z;Kassow_107;53.8680117;12.0808457;6f10978b-3654-48fb-92fb-478b29e29c69;80;80;0,13;4,9;11,5;17,34;6,63;1,21;2,08;9,22;10;2,75;4,4;76,71;1017;567133;2
297-PGF-20230303-97-yjtp;2023-03-03T17:08:06.000Z;Kassow_107;53.8676713;12.0814202;6f10978b-3654-48fb-92fb-478b29e29c69;63;63;0,15;6,1;12,2;17,89;6,71;1,25;2,15;8,31;9,4;2,76;4,33;76,94;1017;568738;2
297-PGF-20230413-65-nbvd;2023-04-15T09:40:12.000Z;Kassow_107;53.8708226;12.082159;6f10978b-3654-48fb-92fb-478b29e29c69;73;73;0,19;8,7;11,5;16,4;6,87;1,48;2,54;7,89;11,8;11,04;13,41;66,51;1007;571172;4
297-PGF-20230415-2-dxyk;2023-04-15T09:55:31.000Z;Kassow_107;53.867716;12.0747853;6f10978b-3654-48fb-92fb-478b29e29c69;42;24;0,14;10,5;12,1;16,81;6,67;1,48;2,56;10,34;8,8;10,46;13,82;66,02;1007;700756;2
297-PGF-20230415-3-ltry;2023-04-15T09:58:25.000Z;Kassow_107;53.8675609;12.0751975;6f10978b-3654-48fb-92fb-478b29e29c69;44;30;0,14;14,2;12,6;16,5;7,15;1,39;2,4;10,02;10,4;9,92;13,72;65,98;1007;722968;3
297-PGF-20230415-4-vuun;2023-04-15T10:01:40.000Z;Kassow_107;53.867239;12.0756205;6f10978b-3654-48fb-92fb-478b29e29c69;29;26;0,13;5,8;10,6;17,51;6,61;1,28;2,21;9,92;9,8;9,65;13,69;67,06;1008;730821;2
297-PGF-20230415-5-ront;2023-04-15T10:04:56.000Z;Kassow_107;53.8669675;12.0762948;6f10978b-3654-48fb-92fb-478b29e29c69;33;0;0,11;8,6;13,9;18,6;7,04;1,41;2,44;12,49;11,1;9,6;13,46;65,41;1007;751210;4
297-PGF-20230415-6-xsoi;2023-04-15T10:08:02.000Z;Kassow_107;53.8666462;12.076497;6f10978b-3654-48fb-92fb-478b29e29c69;34;0;0,12;9;13,5;19,81;7,12;1,43;2,47;12,43;12,3;9,75;13,39;65,47;1007;758587;4
297-PGF-20230415-7-lrdl;2023-04-15T10:11:31.000Z;Kassow_107;53.8663621;12.0770333;6f10978b-3654-48fb-92fb-478b29e29c69;32;21;0,14;5,5;11,1;17,04;6,67;1,45;2,49;10,3;9,3;9,51;13,42;66,23;1007;771526;2
297-PGF-20230415-8-gelv;2023-04-15T10:15:09.000Z;Kassow_107;53.8663953;12.0774697;6f10978b-3654-48fb-92fb-478b29e29c69;38;28;0,16;7,8;11,6;17,97;6,85;1,43;2,46;8,96;10;9,61;13,46;66,19;1007;761646;2
297-PGF-20230415-10-tgnb;2023-04-15T10:24:43.000Z;Kassow_107;53.8670247;12.0768057;6f10978b-3654-48fb-92fb-478b29e29c69;35;35;0,13;8,1;9,7;16,91;6,46;1,39;2,4;10,95;8,3;9,64;13,42;65,1;1008;770280;2
297-PGF-20230415-9-jsyy;2023-04-15T10:18:40.000Z;Kassow_107;53.8667124;12.0773768;6f10978b-3654-48fb-92fb-478b29e29c69;49;49;0,15;6,5;11;16,3;6,46;1,6;2,76;10,83;9,6;10,01;13,27;65,79;1007;790513;2
297-PGF-20230415-11-rckx;2023-04-15T10:28:44.000Z;Kassow_107;53.8672495;12.0764256;6f10978b-3654-48fb-92fb-478b29e29c69;36;36;0,13;7,7;10,6;16,79;6,41;1,47;2,54;11,14;10,3;9,67;13,46;64,88;1008;766651;2
297-PGF-20230415-12-kfmh;2023-04-15T10:33:30.000Z;Kassow_107;53.8676582;12.0757135;6f10978b-3654-48fb-92fb-478b29e29c69;54;54;0,18;11,2;12;17,93;6,71;1,42;2,46;7,92;10,8;9,78;13,33;65,31;1008;793804;2
297-PGF-20230415-13-zypc;2023-04-15T10:36:41.000Z;Kassow_107;53.8678646;12.0752932;6f10978b-3654-48fb-92fb-478b29e29c69;26;5;0,14;10;12,8;19,19;7,06;1,27;2,19;9,24;9,5;9,83;13,39;64,28;1008;804575;3
297-PGF-20230415-14-wscy;2023-04-15T10:39:54.000Z;Kassow_107;53.8680665;12.0757899;6f10978b-3654-48fb-92fb-478b29e29c69;30;24;0,12;7,8;11,6;16,92;6,8;1,28;2,21;10,77;8,7;9,79;13,23;64;1008;808161;2
297-PGF-20230415-15-vtur;2023-04-15T10:43:14.000Z;Kassow_107;53.8678383;12.0762327;6f10978b-3654-48fb-92fb-478b29e29c69;32;25;0,15;6,6;11,3;18,25;6,74;1,48;2,55;10,21;8,5;10,01;13,81;63,16;1008;821921;2
297-PGF-20230415-16-irbo;2023-04-15T10:46:40.000Z;Kassow_107;53.8675601;12.0767151;6f10978b-3654-48fb-92fb-478b29e29c69;33;22;0,13;7,8;11,1;17,11;6,6;1,42;2,46;11,22;8,6;10,32;14,29;62,57;1008;834792;2
297-PGF-20230415-17-dppu;2023-04-15T10:50:19.000Z;Kassow_107;53.8672206;12.0771886;6f10978b-3654-48fb-92fb-478b29e29c69;26;0;0,15;7,2;12,2;18,37;6,96;1,28;2,21;8,82;10,3;10,13;14,34;62;1008;840761;2
297-PGF-20230415-18-tpwa;2023-04-15T10:54:35.000Z;Kassow_107;53.866887;12.0777605;6f10978b-3654-48fb-92fb-478b29e29c69;25;14;0,13;8,5;12,1;18,2;6,87;1,31;2,27;10,33;8,8;9,85;13,67;64,01;1007;839938;3
297-PGF-20230415-19-zlaj;2023-04-15T10:57:28.000Z;Kassow_107;53.8670653;12.0780708;6f10978b-3654-48fb-92fb-478b29e29c69;36;17;0,14;7;12,7;18,88;7,07;1,39;2,41;9,79;9,8;9,75;13,86;63,71;1007;808691;3
297-PGF-20230415-20-ynhm;2023-04-15T11:01:36.000Z;Kassow_107;53.8673624;12.0776458;6f10978b-3654-48fb-92fb-478b29e29c69;28;0;0,15;7;12,4;18;7;1,38;2,39;9,2;9,5;9,64;13,98;62,36;1007;801775;3
297-PGF-20230415-21-ryix;2023-04-15T11:05:37.000Z;Kassow_107;53.8677612;12.0770954;6f10978b-3654-48fb-92fb-478b29e29c69;38;38;0,12;8,5;10,7;15,42;6,54;1,31;2,26;10,72;8,1;9,88;14,11;63,51;1008;781378;2
297-PGF-20230415-22-ixcn;2023-04-15T11:08:56.000Z;Kassow_107;53.8682353;12.076461;6f10978b-3654-48fb-92fb-478b29e29c69;27;23;0,14;6,8;11,3;18,02;6,59;1,36;2,35;9,55;9,5;10,31;14,37;63,04;1008;807460;2
297-PGF-20230415-23-tnma;2023-04-15T11:21:53.000Z;Kassow_107;53.86788;12.0786591;6f10978b-3654-48fb-92fb-478b29e29c69;35;28;0,13;8;11,8;17,22;6,7;1,39;2,4;10,34;8,6;10,97;14,54;62,47;1008;828226;2
297-PGF-20230415-24-iqpq;2023-04-15T11:25:24.000Z;Kassow_107;53.8674914;12.0795416;6f10978b-3654-48fb-92fb-478b29e29c69;33;25;0,14;7,2;10,9;17,54;6,77;1,28;2,21;9,38;8,6;10,31;14,59;61,7;1008;824148;2
297-PGF-20230415-25-jgiz;2023-04-15T11:28:28.000Z;Kassow_107;53.867217;12.0802266;6f10978b-3654-48fb-92fb-478b29e29c69;37;25;0,15;6,5;10,7;17,49;6,7;1,42;2,45;9,67;8,2;10,24;14,5;62,38;1008;828991;2
297-PGF-20230415-26-bvrz;2023-04-15T11:32:19.000Z;Kassow_107;53.8667573;12.08117;6f10978b-3654-48fb-92fb-478b29e29c69;27;17;0,14;6,8;12,7;17,82;6,96;1,41;2,43;9,77;8,8;10,38;14,33;62,16;1008;823277;2
297-PGF-20230415-27-hyop;2023-04-15T11:35:28.000Z;Kassow_107;53.8668783;12.0816435;6f10978b-3654-48fb-92fb-478b29e29c69;33;7;0,15;8;11,5;18,07;6,89;1,39;2,4;9,44;8,4;10,26;14,31;63;1008;797470;2
297-PGF-20230415-28-ners;2023-04-15T11:38:57.000Z;Kassow_107;53.8671852;12.0811122;6f10978b-3654-48fb-92fb-478b29e29c69;29;22;0,13;7,9;11,3;17,26;6,77;1,4;2,42;11,16;8,6;10,06;14,16;63;1008;816105;2
297-PGF-20230415-29-plts;2023-04-15T11:42:53.000Z;Kassow_107;53.8677493;12.0802708;6f10978b-3654-48fb-92fb-478b29e29c69;24;24;0,13;8,2;10,3;16,77;6,64;1,39;2,4;11,1;8,9;10,46;13,94;61,73;1008;826062;2
297-PGF-20230415-30-hkab;2023-04-15T11:46:47.000Z;Kassow_107;53.8681677;12.0792585;6f10978b-3654-48fb-92fb-478b29e29c69;35;35;0,12;7,6;10,3;15,94;6,59;1,3;2,24;11,08;8,8;10,43;13,94;62,1;1008;846352;2
297-PGF-20230415-31-gykn;2023-04-15T11:50:36.000Z;Kassow_107;53.8683663;12.0797842;6f10978b-3654-48fb-92fb-478b29e29c69;27;26;0,14;5,5;10,3;17,2;6,64;1,27;2,19;9,34;9,4;10,15;13,84;62,84;1008;807494;2
297-PGF-20230415-32-vsdj;2023-04-15T11:53:56.000Z;Kassow_107;53.8681078;12.0804656;6f10978b-3654-48fb-92fb-478b29e29c69;32;31;0,11;7,5;10,3;16,17;6,56;1,24;2,15;10,98;7,9;10,21;14,03;63,26;1008;821220;2
297-PGF-20230415-33-ojuk;2023-04-15T11:57:08.000Z;Kassow_107;53.8677619;12.0811506;6f10978b-3654-48fb-92fb-478b29e29c69;28;21;0,14;6,4;13;18,83;6,77;1,51;2,6;10,74;11,6;10,13;13,99;61,9;1008;842785;2
297-PGF-20230415-34-ybzj;2023-04-15T12:00:28.000Z;Kassow_107;53.867393;12.0818754;6f10978b-3654-48fb-92fb-478b29e29c69;28;14;0,13;7,1;11,7;17,81;6,73;1,34;2,32;10,41;9;10,04;13,99;61,87;1008;861974;2
297-PGF-20230415-35-hbbo;2023-04-15T12:04:11.000Z;Kassow_107;53.8680172;12.0817647;6f10978b-3654-48fb-92fb-478b29e29c69;36;35;0,12;8,2;12,3;16,35;6,59;1,41;2,44;11,54;8,8;10,33;13,92;61,93;1008;832559;2
297-PGF-20230415-36-wvji;2023-04-15T12:07:24.000Z;Kassow_107;53.8681644;12.0824964;6f10978b-3654-48fb-92fb-478b29e29c69;33;26;0,14;6;12,3;17,27;6,6;1,42;2,44;10,28;9,3;10,15;14,07;61,59;1008;826326;2
297-PGF-20230415-37-fyty;2023-04-15T12:10:51.000Z;Kassow_107;53.8686304;12.0816279;6f10978b-3654-48fb-92fb-478b29e29c69;34;30;0,12;6,5;11,1;15,9;6,61;1,45;2,5;11,9;8,3;10,25;14,28;60,41;1008;853950;2
297-PGF-20230415-38-pxus;2023-04-15T12:14:16.000Z;Kassow_107;53.8685129;12.0808563;6f10978b-3654-48fb-92fb-478b29e29c69;38;38;0,15;4,9;11;17,45;6,53;1,36;2,34;9,19;10,6;10,39;14,31;60,79;1008;874157;2
297-PGF-20230415-39-ijur;2023-04-15T12:17:28.000Z;Kassow_107;53.8688015;12.0802933;6f10978b-3654-48fb-92fb-478b29e29c69;29;29;0,14;5,2;10,8;17,45;6,63;1,41;2,44;9,76;8,6;10,38;14,52;61,07;1008;848574;2
297-PGF-20230415-40-qhlj;2023-04-15T12:21:14.000Z;Kassow_107;53.8690897;12.0807676;6f10978b-3654-48fb-92fb-478b29e29c69;55;55;0,15;7,9;11,7;16,91;6,76;1,38;2,38;9,22;9,5;10,21;14,4;61,42;1008;827724;2
297-PGF-20230415-41-jzvt;2023-04-15T13:02:59.000Z;Kassow_107;53.8704297;12.0833384;6f10978b-3654-48fb-92fb-478b29e29c69;34;0;0,11;9,4;13;18,52;7,16;1,43;2,46;12,46;9,8;11,83;14,62;61,69;1009;819337;4
297-PGF-20230415-42-tzhn;2023-04-15T13:05:59.000Z;Kassow_107;53.8701638;12.0839354;6f10978b-3654-48fb-92fb-478b29e29c69;38;21;0,09;13,8;11,4;17,21;7,04;1,5;2,59;16,18;11;10,56;14,4;61,98;1009;831429;2
297-PGF-20230415-43-xkxh;2023-04-15T13:09:02.000Z;Kassow_107;53.8698378;12.0845726;6f10978b-3654-48fb-92fb-478b29e29c69;38;38;0,12;8,5;11,5;14,6;6,52;1,43;2,46;12,29;7,6;10,89;14,5;63,32;1009;811169;2
297-PGF-20230415-46-cvuh;2023-04-15T13:19:13.000Z;Kassow_107;53.8687394;12.0869814;6f10978b-3654-48fb-92fb-478b29e29c69;22;0;0,11;8,5;14,3;18,36;7,02;1,26;2,17;11;11,6;11,32;14,39;64,73;1009;792060;4
297-PGF-20230415-45-udcs;2023-04-15T13:15:36.000Z;Kassow_107;53.8691842;12.0861171;6f10978b-3654-48fb-92fb-478b29e29c69;60;0;0,09;10,9;13;18,29;7,02;1,32;2,28;15,46;11,9;11,22;14,37;64,58;1008;785324;4
297-PGF-20230415-47-cbzm;2023-04-15T13:22:54.000Z;Kassow_107;53.868313;12.0879152;6f10978b-3654-48fb-92fb-478b29e29c69;29;11;0,14;6,6;10,5;17,47;6,73;1,62;2,8;11,82;9,6;11,71;14,58;67,13;1009;750764;2
297-PGF-20230415-48-kpqq;2023-04-15T13:25:54.000Z;Kassow_107;53.8680168;12.0886273;6f10978b-3654-48fb-92fb-478b29e29c69;38;7;0,11;7,7;12,6;18,04;7,17;1,61;2,78;14,75;11,7;11,47;14,4;66,07;1009;757979;4
297-PGF-20230415-49-xwhd;2023-04-15T13:28:40.000Z;Kassow_107;53.8681168;12.0890347;6f10978b-3654-48fb-92fb-478b29e29c69;30;2;0,13;7,4;13;19,85;7,06;1,56;2,69;12,1;12,8;11,31;14,09;66,81;1009;757676;5
297-PGF-20230415-50-rthj;2023-04-15T13:33:00.000Z;Kassow_107;53.8684189;12.0884485;6f10978b-3654-48fb-92fb-478b29e29c69;31;27;0,15;7,3;10,1;16,61;6,68;1,69;2,92;11,64;8,6;11,22;14,26;68,43;1009;727951;2
297-PGF-20230415-51-uwzp;2023-04-15T13:36:10.000Z;Kassow_107;53.868778;12.087786;6f10978b-3654-48fb-92fb-478b29e29c69;23;21;0,14;7,5;10;16,87;6,44;1,55;2,67;11,46;9,6;12,08;14,4;67,11;1009;714562;2
297-PGF-20230415-52-czgu;2023-04-15T13:40:30.000Z;Kassow_107;53.8692191;12.0869733;6f10978b-3654-48fb-92fb-478b29e29c69;34;0;0,11;9,2;12,5;19,82;7,14;1,51;2,6;13,35;12,1;11,24;13,8;66,18;1009;779172;4
297-PGF-20230415-53-jbga;2023-04-15T13:43:37.000Z;Kassow_107;53.8694752;12.0863062;6f10978b-3654-48fb-92fb-478b29e29c69;56;20;0,11;8,4;13,5;18,63;7,02;1,29;2,22;12,1;12,9;10,6;13,68;67,12;1009;754888;4
297-PGF-20230415-54-mrjw;2023-04-15T13:47:15.000Z;Kassow_107;53.869753;12.0857306;6f10978b-3654-48fb-92fb-478b29e29c69;23;7;0,13;6,7;11,9;18,08;7,07;1,29;2,22;9,95;9,8;10,86;13,82;68,57;1009;746224;3
297-PGF-20230415-55-xpuq;2023-04-15T13:50:43.000Z;Kassow_107;53.8700517;12.0850506;6f10978b-3654-48fb-92fb-478b29e29c69;32;22;0,14;6,4;10,6;17,16;6,61;1,42;2,44;9,93;9,6;10,82;13,46;66,47;1009;754705;2
297-PGF-20230415-56-lmhv;2023-04-15T13:54:13.000Z;Kassow_107;53.8704794;12.0840239;6f10978b-3654-48fb-92fb-478b29e29c69;54;44;0,19;10,5;10,8;17,58;6,56;1,88;3,23;10,06;10,9;10,67;13,24;66,22;1009;757861;2
297-PGF-20230415-57-ypcs;2023-04-15T13:58:02.000Z;Kassow_107;53.8708901;12.0830753;6f10978b-3654-48fb-92fb-478b29e29c69;29;23;0,14;5,2;11,5;17,41;6,72;1,38;2,37;9,78;10,3;10,47;12,98;67,98;1009;759273;2
297-PGF-20230415-58-tiwe;2023-04-15T14:01:06.000Z;Kassow_107;53.8711141;12.0833984;6f10978b-3654-48fb-92fb-478b29e29c69;40;40;0,12;7,6;10,3;16,34;6,48;1,43;2,47;11,65;8,6;10,38;12,87;68,31;1010;750695;2
297-PGF-20230415-59-pulq;2023-04-15T14:03:47.000Z;Kassow_107;53.8712882;12.0837291;6f10978b-3654-48fb-92fb-478b29e29c69;36;20;0,18;10,8;10,2;18,44;6,65;2;3,45;11,17;8,9;10,21;12,83;68,02;1010;758851;2
297-PGF-20230415-60-jhay;2023-04-15T14:06:31.000Z;Kassow_107;53.8709715;12.0838671;6f10978b-3654-48fb-92fb-478b29e29c69;50;50;0,12;7,3;9,3;14;6,48;1,43;2,47;11,7;7,1;10,17;12,8;68,94;1010;784752;2
297-PGF-20230415-61-ioys;2023-04-15T14:09:25.000Z;Kassow_107;53.8708741;12.0844204;6f10978b-3654-48fb-92fb-478b29e29c69;31;17;0,14;7,6;11,6;17,98;6,94;1,35;2,33;9,74;9,3;10,51;12,89;69,19;1010;773228;2
297-PGF-20230415-62-iioi;2023-04-15T14:12:12.000Z;Kassow_107;53.870601;12.0844645;6f10978b-3654-48fb-92fb-478b29e29c69;29;3;0,12;10,1;12,4;18,41;7,1;1,41;2,43;12,01;9,6;10,47;12,84;69,27;1009;786059;4
297-PGF-20230415-63-jurz;2023-04-15T14:15:14.000Z;Kassow_107;53.8703977;12.0850905;6f10978b-3654-48fb-92fb-478b29e29c69;34;12;0,09;12,7;13,6;17,35;7,06;1,45;2,5;15,54;10,1;10,49;12,84;69,49;1009;791161;3
297-PGF-20230415-64-etrw;2023-04-15T14:17:31.000Z;Kassow_107;53.8705015;12.0853746;6f10978b-3654-48fb-92fb-478b29e29c69;37;0;0,1;9;14,3;17,66;7,04;1,26;2,17;13,16;11,1;10,4;12,78;69,76;1010;784901;4
297-PGF-20230415-65-xgaw;2023-04-15T14:21:45.000Z;Kassow_107;53.8701243;12.0856574;6f10978b-3654-48fb-92fb-478b29e29c69;39;0;0,11;12,9;13;18,59;7,03;1,22;2,1;10,62;10,3;10,9;12,9;69,74;1010;758262;4
297-PGF-20230415-66-aoix;2023-04-15T14:25:49.000Z;Kassow_107;53.8706281;12.0862986;6f10978b-3654-48fb-92fb-478b29e29c69;40;31;0,19;5,7;11,6;19,31;6,69;1,89;3,26;10,13;9,5;10,86;12,7;70;1010;776592;2
297-PGF-20230415-68-fkhd;2023-04-15T14:32:49.000Z;Kassow_107;53.8712696;12.0850845;6f10978b-3654-48fb-92fb-478b29e29c69;21;0;0,12;7,4;12,1;18,11;6,95;1,38;2,37;11,36;11,2;10,6;12,6;68,77;1010;756668;2
297-PGF-20230415-67-kttt;2023-04-15T14:28:44.000Z;Kassow_107;53.8708971;12.0858103;6f10978b-3654-48fb-92fb-478b29e29c69;29;10;0,16;7,2;11,8;18,95;6,85;1,46;2,52;9,02;10,3;10,69;12,57;69,48;1010;792221;2
297-PGF-20230415-69-fblu;2023-04-15T14:36:03.000Z;Kassow_107;53.8715789;12.0843542;6f10978b-3654-48fb-92fb-478b29e29c69;31;31;0,15;6,4;10,7;17,82;6,58;1,66;2,86;10,9;9,6;10,64;12,61;69,56;1010;779580;2
297-PGF-20230415-70-pxke;2023-04-15T14:38:43.000Z;Kassow_107;53.8717115;12.0847124;6f10978b-3654-48fb-92fb-478b29e29c69;37;1;0,12;11,6;13,6;19,13;7,14;1,38;2,38;11,4;10,4;10,49;12,58;69,22;1010;756849;4
297-PGF-20230415-71-cdts;2023-04-15T14:42:01.000Z;Kassow_107;53.8714667;12.0853709;6f10978b-3654-48fb-92fb-478b29e29c69;30;8;0,13;8,1;12;17,86;7,04;1,38;2,38;10,68;9,8;10,58;12,6;69,94;1010;764146;2
297-PGF-20230415-72-gwvk;2023-04-15T14:45:19.000Z;Kassow_107;53.871256;12.0858627;6f10978b-3654-48fb-92fb-478b29e29c69;33;19;0,15;6,5;12,3;18,02;6,86;1,29;2,22;8,68;10,3;10,96;12,7;69,76;1010;765509;3
297-PGF-20230415-73-ekbi;2023-04-15T14:48:19.000Z;Kassow_107;53.8709695;12.0863807;6f10978b-3654-48fb-92fb-478b29e29c69;40;39;0,18;5,1;10,7;18,47;6,48;1,82;3,15;10,18;10,6;10,61;12,63;69,69;1010;772378;2
297-PGF-20230415-74-qpgu;2023-04-15T14:51:15.000Z;Kassow_107;53.8711258;12.0867883;6f10978b-3654-48fb-92fb-478b29e29c69;37;37;0,12;7;10,5;16,29;6,21;1,25;2,16;10,36;8,1;10,46;12,5;69,71;1010;758589;2
297-PGF-20230415-75-xjpa;2023-04-15T14:54:52.000Z;Kassow_107;53.8707691;12.0875171;6f10978b-3654-48fb-92fb-478b29e29c69;28;16;0,12;8,9;11,2;17,67;6,68;1,25;2,16;10,37;9,6;10,24;12,3;70,52;1010;768706;2
297-PGF-20230415-76-cyqo;2023-04-15T14:58:29.000Z;Kassow_107;53.8703145;12.0884402;6f10978b-3654-48fb-92fb-478b29e29c69;27;1;0,13;9,7;12,4;19,88;7,1;1,33;2,29;10,19;9,4;10,24;12,23;71,2;1010;762796;3
297-PGF-20230415-77-jamf;2023-04-15T15:01:58.000Z;Kassow_107;53.8700937;12.0893354;6f10978b-3654-48fb-92fb-478b29e29c69;26;16;0,11;9,3;11,1;17,18;6,8;1,15;1,98;10,23;8,3;10,18;12,2;71,79;1010;755897;2
297-PGF-20230415-78-gtoz;2023-04-15T15:04:54.000Z;Kassow_107;53.8703649;12.0890774;6f10978b-3654-48fb-92fb-478b29e29c69;32;28;0,12;9;10,7;16,53;6,7;1,27;2,2;10,63;8,3;10,29;12,06;72,18;1010;769703;2
297-PGF-20230415-79-espg;2023-04-15T15:08:06.000Z;Kassow_107;53.8706596;12.0885473;6f10978b-3654-48fb-92fb-478b29e29c69;29;26;0,14;7;11,6;16,93;6,61;1,62;2,8;11,85;8,5;10,43;12,09;71,89;1010;751788;2
297-PGF-20230415-81-lwqw;2023-04-15T15:13:27.000Z;Kassow_107;53.8712146;12.0874845;6f10978b-3654-48fb-92fb-478b29e29c69;25;17;0,12;7,2;11;17,18;6,71;1,21;2,09;9,89;9,7;10,33;12,07;71,46;1010;748762;2
297-PGF-20230415-80-ynaq;2023-04-15T15:10:41.000Z;Kassow_107;53.8709523;12.0880298;6f10978b-3654-48fb-92fb-478b29e29c69;41;8;0,1;11,8;14,2;17,8;7,19;1,4;2,41;13,84;10,8;10,19;12,1;71,96;1010;734536;4
297-PGF-20230415-44-tjws;2023-04-15T13:12:33.000Z;Kassow_107;53.8695341;12.0853491;6f10978b-3654-48fb-92fb-478b29e29c69;59;23;0,16;9,6;13;18,69;7,07;1,55;2,67;9,4;10,9;11,26;14,5;64,04;1009;803718;2
